"q1","q2","q3","q4","q5","q6","q7","q8","q9","q10","q11","q12","q13","q14","q15","q16","total_score","prolific_pid","time_on_question1","time_on_question2","time_on_question3","time_on_question4","time_on_question5","time_on_question6","time_on_question7","time_on_question8","time_on_question9","time_on_question10","time_on_question11","time_on_question12","time_on_question13","time_on_question14","time_on_question15","time_on_question16","q1mark","q2mark","q3mark","q4mark","q5mark","q6mark","q7mark","q8mark","q9mark","q10mark","q11mark","q12mark","q13mark","q14mark","q15mark","q16mark"
"60","821","102","1209","5917","4906","11240","930","16100","10035103","563240","0","2370000","0","0","0",11,"66e9cc5fb04f5ba6d8b5a3f1","4.20","7.95","12.12","7.91","21.23","18.23","15.29","14.73","14.24","27.35","14.95","30.00","19.75","30.00","30.00","30.00",1,1,1,1,1,1,1,1,1,0,1,0,1,0,0,0
"60","821","102","1209","5917","4906","11240","932","16500","100035113","563240","1528","2370000","0","0","0",11,"561bbdf9811d22000df3138a","3.91","7.06","10.95","7.93","13.14","12.41","11.02","13.46","13.42","12.61","16.25","21.25","17.09","30.00","30.00","30.00",1,1,1,1,1,1,1,0,0,1,1,1,1,0,0,0
"60","821","0","2018","5098","5000","11200","0","16100","0","0","1500","0","1500","0","0",3,"67b79f603be3fd7ed3889909","7.38","14.24","30.00","22.39","29.40","9.85","9.90","30.00","13.76","30.00","30.00","9.99","30.00","14.82","30.00","30.00",1,1,0,0,0,0,0,0,1,0,0,0,0,0,0,0
"60","821","112","1209","5918","5906","11240","920","16100","100035113","0","1428","2370000","1062","902356","0",7,"63b772f79d1c57ef22409e28","3.98","8.45","13.43","7.55","13.30","20.86","14.72","13.27","9.98","21.41","30.00","26.41","15.34","26.16","14.43","30.00",1,1,0,1,0,0,1,0,1,1,0,0,1,1,0,0
"60","821","102","1209","5917","4906","0","930","16100","0","563240","1328","2370000","1060","0","0",10,"654c3b4d5a50df498c551b64","5.61","6.96","12.69","20.61","29.35","21.63","30.00","9.80","11.04","30.00","22.09","20.71","26.32","21.67","30.00","30.00",1,1,1,1,1,1,0,1,1,0,1,0,1,0,0,0
"60","821","102","1207","6153","6280","11380","1109","16100","100035113","563240","1184","102000000","1045","91280","14796501",6,"604a7e9f84bf0e7937200df5","1.73","5.51","11.14","10.32","6.04","6.32","6.60","11.11","9.24","24.68","13.81","10.74","19.69","6.73","7.89","9.68",1,1,1,0,0,0,0,0,1,1,1,0,0,0,0,0
"60","821","102","1209","5917","4906","1240","956","25000","100035113","563240","1538","2370000","985","110481","125063259",9,"614e2446523bb49af662fb62","2.46","9.88","22.48","23.48","14.44","19.49","28.97","16.24","13.87","12.99","24.26","9.07","18.47","12.33","11.35","11.03",1,1,1,1,1,1,0,0,0,1,1,0,1,0,0,0
"60","0","102","1234","2718","5719","0","0","16100","0","561340","1456","0","150","97777","0",3,"67dbcd7722043bf1d1671b92","4.51","30.00","9.74","12.62","28.62","9.83","30.00","30.00","19.94","30.00","29.21","14.74","30.00","19.64","22.55","30.00",1,0,1,0,0,0,0,0,1,0,0,0,0,0,0,0
"60","821","92","1209","4917","4906","11240","920","21400","100035113","563340","12344","0","1344","119877","2211212",6,"6682b0b622da87763c14179c","5.07","22.48","11.83","12.17","15.29","22.17","20.57","22.58","25.50","20.07","19.65","15.99","30.00","12.91","20.91","5.67",1,1,0,1,0,1,1,0,0,1,0,0,0,0,0,0
"60","700","100","1000","5850","4000","10000","1200","16100","100035103","563240","2000","200000","800","95000","1000000",3,"6644f37947ff3c7c3f9bbca1","2.48","3.87","4.39","5.44","6.70","3.44","4.86","6.70","15.15","14.78","9.10","2.81","8.16","3.37","8.55","4.32",1,0,0,0,0,0,0,0,1,0,1,0,0,0,0,0
"60","821","102","1209","6007","4856","11203","988","14300","10003593","563200","1582","10000000","1050","93500","75514005588",4,"5e9f3f09ccc75a0c345e4845","2.52","10.77","13.95","8.03","12.55","7.50","8.50","8.34","9.22","10.93","17.11","6.64","14.88","12.59","9.78","6.86",1,1,1,1,0,0,0,0,0,0,0,0,0,0,0,0
"60","945","100","1100","6000","5555","100005","915","30000","1111111111","6000000","1244","10000000","988","100000","10000004",1,"610df498456dbaeef682c7ca","4.28","4.23","3.98","8.34","5.23","4.52","7.14","9.82","8.66","6.69","6.68","5.28","11.04","4.88","5.36","6.23",1,0,0,0,0,0,0,0,0,0,0,0,0,0,0,0
"60","831","114","1209","5917","0","90000","0","1600","10035014","563840","1647","0","1204","90234","0",3,"677be0f071b469bf550bf55f","3.80","22.57","25.30","12.14","19.43","2.47","8.03","3.73","19.21","18.82","17.30","5.97","3.09","7.82","8.34","2.31",1,0,0,1,1,0,0,0,0,0,0,0,0,0,0,0
"60","821","102","1209","5916","4816","14124","981","16100","100035113","56279","2341","1587000","999","11239","142532525",6,"60fd6618f9a377f54dcdf318","2.03","5.19","5.80","6.09","12.66","10.55","2.42","4.59","9.12","16.46","7.26","5.29","11.57","5.93","14.07","2.61",1,1,1,1,0,0,0,0,1,1,0,0,0,0,0,0
"60","821","102","11109","0","4916","11240","956","16100","1000341023","563240","2500","2370000","1132","94000","94000012",7,"614fbb4467c4c74f573a94d3",NA,NA,NA,NA,"30.00",NA,NA,NA,NA,NA,NA,NA,NA,NA,NA,NA,1,1,1,0,0,0,1,0,1,0,1,0,1,0,0,0
"60","14212","221432231","1423441","3432","14444444444322","24341","23421","2123444","0","0","142431421421","12342424114241241","42324","1143442214","134443134213",1,"5753046ba6deb50006d64b0f","12.25","2.68","2.90","4.48","3.35","3.64","2.88","3.83","3.47","30.00","30.00","3.26","4.50","4.70","3.95","4.55",1,0,0,0,0,0,0,0,0,0,0,0,0,0,0,0
"60","821","102","12912","5666","4355","12000","1768","21000","10004430","56350","1230","102000","1200","932323","10000000",3,"5c7c1f95e926fc00160b4b45","3.54","13.08","15.34","15.03","14.73","13.81","11.66","17.94","13.68","16.80","20.10","15.25","15.05","8.71","15.39","9.56",1,1,1,0,0,0,0,0,0,0,0,0,0,0,0,0
"60","821","102","1209","5917","4906","11240","930","0","0","0","1528","0","0","0","0",9,"5c6b646349b7f0000120b659","5.15","18.52","16.93","16.68","21.86","17.26","18.25","26.20","30.00","30.00","30.00","26.90","30.00","30.00","30.00","30.00",1,1,1,1,1,1,1,1,0,0,0,1,0,0,0,0
"60","821","102","1209","5917","4906","11140","0","16200","100035113","563240","0","1587000","948","99999","128458215",8,"5bd47734506cd3000101d181","2.83","11.25","15.55","7.89","16.44","16.71","18.15","10.76","14.12","26.45","16.88","20.15","14.03","8.17","9.92","11.84",1,1,1,1,1,1,0,0,0,1,1,0,0,0,0,0
"60","821","102","1209","5917","4906","17240","914","16100","100035113","563240","1528","2370000","1062","92575","10263563",12,"5ebc74759921f30c68adcc7a","2.32","17.97","8.83","12.55","10.27","11.75","20.52","12.52","16.82","12.02","12.03","13.51","20.36","13.63","17.17","8.96",1,1,1,1,1,1,0,0,1,1,1,1,1,1,1,0
"60","841","102","1378","6890","4890","11300","345","15500","100035023","573000","1200","1040000","943","127000","1230000",2,"66a1890dffb8f7cda63dfe7b","3.49","20.20","15.55","7.51","5.62","10.57","7.29","8.39","28.01","17.28","16.39","22.89","15.10","10.53","9.34","11.39",1,0,1,0,0,0,0,0,0,0,0,0,0,0,0,0
"60","821","102","0","5907","4906","11948","930","16100","100035113","563340","0","10200000","0","0","0",7,"66bdf79c29a4dd71ff4de0d0","2.51","10.43","9.88","30.00","19.32","21.33","4.50","23.43","12.59","16.04","12.80","30.00","26.15","5.34","30.00","2.34",1,1,1,0,0,1,0,1,1,1,0,0,0,0,0,0
"60","821","102","1209","5917","4096","11240","903","15200","100044113","567740","1500","10200000","1200","89930","1080000",6,"671934d775824411ab318539","3.29","14.07","12.03","16.96","18.66","16.38","22.93","10.18","25.78","26.70","18.57","8.71","27.60","19.51","11.48","15.46",1,1,1,1,1,0,1,0,0,0,0,0,0,0,0,0
"60","821","102","1209","5917","4906","11240","930","16100","100031103","563240","2341","1508700000","1062","36728","12589262",10,"67aced4b25f62493088645b8","3.81","11.10","16.19","13.16","18.54","19.36","22.39","18.09","20.68","21.93","24.92","5.84","23.89","27.14","5.75","5.39",1,1,1,1,1,1,1,1,1,0,1,0,0,1,0,0
"60","821","101","1209","5917","4826","11240","940","16100","100035113","563240","157","9200000","0","91369","954292",8,"6639e4b63f0c828141e2ea67","2.29","8.65","15.84","13.98","11.00","8.86","26.99","28.57","10.57","20.01","23.17","28.60","23.85","18.87","27.36","29.26",1,1,0,1,1,0,1,0,1,1,1,0,0,0,0,0
"60","821","102","1209","6017","4906","11240","930","16100","100035113","563240","1400","2370000","1000","92000","1000000",11,"601e13b872774f263d64acac","2.40","9.34","9.74","7.81","15.60","15.12","11.20","16.88","14.20","15.61","12.19","6.83","28.53","21.49","9.41","18.89",1,1,1,1,0,1,1,1,1,1,1,0,1,0,0,0
"60","821","101","1201","0","3806","0","930","16100","100035113","563240","1528","2370000","0","34544","9540000",8,"665fc8123159edac3b65bd62","3.62","6.63","7.90","9.91","30.00","15.18","30.00","19.59","13.93","17.27","18.70","22.25","19.12","30.00","2.61","28.71",1,1,0,0,0,0,0,1,1,1,1,1,1,0,0,0
"60","821","101","1209","5971","4906","11240","0","16100","0","563240","1528","2370000","1062","92575","0",10,"5d9e7982996ad300179048fa","4.77","26.18","14.99","11.06","10.01","11.73","15.67","30.00","13.88","30.00","14.10","13.71","17.44","15.57","21.40","3.26",1,1,0,1,0,1,1,0,1,0,1,1,1,1,1,0
"60","821","102","129","5917","4906","11420","9","15100","100035113","563240","14206","15870000","2456","124066","103596778",7,"67d09ba717ec412519ebf44b","3.79","10.47","17.04","8.92","7.93","11.26","11.30","17.96","10.54","18.40","13.16","17.45","16.80","7.32","7.04","5.69",1,1,1,0,1,1,0,0,0,1,1,0,0,0,0,0
"60","821","102","1209","5917","4906","11230","930","16100","100035113","563240","1518","2370000","1062","0","0",11,"6648bfa5ae62e331540910e4","2.26","5.13","8.85","8.58","9.65","11.04","14.54","12.83","11.68","13.58","9.51","24.99","23.24","28.10","30.00","30.00",1,1,1,1,1,1,0,1,1,1,1,0,1,1,0,0
"60","821","98","1242","5432","4230","0","928","21400","100035113","563240","1329","2370000","923","89423","9372499",5,"67a692bc6cb5578e397df372","2.50","16.79","8.66","23.68","17.47","22.74","30.00","19.95","15.14","16.20","19.09","22.64","21.93","22.19","26.61","19.22",1,1,0,0,0,0,0,0,0,1,1,0,1,0,0,0
"60","821","55","1500","6000","5000","12000","900","14000","1000034090","563000","1000000","1000000","800","900000","10000000",2,"5cd6c1197b871a0001b13589","5.94","19.74","20.42","11.09","6.33","10.94","5.99","17.44","9.34","12.98","16.51","7.25","11.30","6.23","6.27","11.22",1,1,0,0,0,0,0,0,0,0,0,0,0,0,0,0
"60","821","102","1209","5917","4906","11240","230","16100","100035113","563240","1528","10200000","1160","11565","0",11,"664e2d4a26686cecdfd660eb","3.08","6.35","10.00","8.35","12.46","10.42","11.56","15.36","15.41","22.43","23.19","20.80","20.64","28.48","29.96","30.00",1,1,1,1,1,1,1,0,1,1,1,1,0,0,0,0
"60","821","102","1209","5348","5000","1100","987","16210","100035113","563240","1467","2233","1000","0","11111111",6,"656895b98a551bd79eb47d0c","3.68","19.45","14.17","16.97","7.82","7.10","14.93","9.93","24.24","24.93","18.16","7.69","5.78","15.01","4.49","8.14",1,1,1,1,0,0,0,0,0,1,1,0,0,0,0,0
"60","821","102","1209","0","0","0","0","0","1000345113","564320","99999999999999999","0","0","9999999999999999","111111111111111111111111146498984946",4,"66fc36e5fd0dba6207da546c","2.89","15.30","27.01","10.48","3.38","30.00","30.00","3.68","30.00","11.18","14.79","4.10","30.00","5.04","4.76","5.06",1,1,1,1,0,0,0,0,0,0,0,0,0,0,0,0
"60","821","0","1209","0","0","0","0","0","0","0","0","0","0","16100","0",3,"5e0b416415ef4038dba6d93f","4.90","13.82","4.04","20.21","5.68","21.44","4.61","5.51","30.00","15.19","4.13","4.86","4.88","6.59","7.45","4.58",1,1,0,1,0,0,0,0,0,0,0,0,0,0,0,0
"60","821","102","1209","5818","4896","11200","930","16100","10005113","563240","12345","237000","1079","90575","1234567",7,"6681a790567ed4edc86ca4a4","5.54","9.50","9.26","9.61","16.33","26.03","20.30","15.46","10.35","16.68","11.56","21.36","9.51","29.08","25.78","26.69",1,1,1,1,0,0,0,1,1,0,1,0,0,0,0,0
"60","821","102","1209","5817","4906","12768","930","16100","0","562940","1528","2370000","1062","92575","0",10,"5cb67a7ab73e8a001507fae5","5.41","7.23","13.31","10.71","13.76","15.07","21.28","15.40","12.82","30.00","26.44","17.92","24.94","21.46","23.03","30.00",1,1,1,1,0,1,0,1,1,0,0,1,1,1,1,0
"60","821","102","1209","5917","4906","11240","930","16100","100000035","563240","1450","1020000","1065","92150","10005250",10,"5debed6b3820732ef2af3c55","2.75","11.54","11.03","19.73","12.51","26.99","17.46","11.45","13.34","29.77","17.19","14.93","23.98","21.68","24.29","14.47",1,1,1,1,1,1,1,1,1,0,1,0,0,0,0,0
"60","821","102","1209","5917","4906","11240","930","16100","100035113","563240","1528","2370000","1060","0","0",13,"5c3b70640eaa0100018ea877","3.50","9.14","10.50","12.92","16.96","13.91","11.57","9.37","9.99","28.38","12.20","17.33","21.56","27.17","30.00","30.00",1,1,1,1,1,1,1,1,1,1,1,1,1,0,0,0
"60","821","0","1209","5917","0","6244","930","16100","100033065","563240","1527","2370000","0","92575","9543310",9,"65e25a56b48b9af00aaf76d5","5.69","9.61","30.00","23.38","10.82","30.00","8.55","14.52","14.40","18.68","9.12","9.60","19.33","30.00","8.80","13.39",1,1,0,1,1,0,0,1,1,0,1,0,1,0,1,0
"60","821","62","1209","5917","5006","10330","1020","16200","100035113","563240","1208","22800","989","90020","12300000",6,"668c3dcef7d254214fd01bf3","2.87","12.64","18.42","12.42","16.65","17.39","27.44","26.69","24.03","15.53","16.79","24.26","26.33","20.16","21.60","27.78",1,1,0,1,1,0,0,0,0,1,1,0,0,0,0,0
"60","821","102","1209","5917","4906","11240","930","0","100034113","563240","1428","1370000","1250","100665","1526362",9,"5ced8f96a726ed0015d31452","2.66","13.57","14.29","6.76","13.99","10.66","29.73","25.39","30.00","16.78","22.63","29.25","18.08","24.22","29.42","8.43",1,1,1,1,1,1,1,1,0,0,1,0,0,0,0,0
"60","821","0","1219","5917","3906","11240","934","0","0","0","1414","1020000","1040","1166","0",4,"674f42796e06f90984a02e87","3.00","8.19","30.00","10.84","14.38","19.42","16.12","23.96","30.00","30.00","30.00","17.51","13.69","12.43","20.26","30.00",1,1,0,0,1,0,1,0,0,0,0,0,0,0,0,0
"60","821","102","1209","5917","4069","10340","0","16100","100034110","563240","0","2300000","0","0","0",7,"67104c7deff954cb22438402","5.42","14.36","23.91","18.57","22.12","25.14","24.32","11.74","25.90","29.60","21.06","3.83","22.27","3.81","20.06","3.52",1,1,1,1,1,0,0,0,1,0,1,0,0,0,0,0
"60","821","102","1109","5917","49116","11130","930","16100","10035123","563240","12044","2370000","10323","91256","121500",8,"659590edd421a4085d51e2b9","2.46","6.28","14.52","18.77","14.45","23.28","19.06","27.06","9.20","10.64","12.52","17.16","15.62","29.82","7.60","14.40",1,1,1,0,1,0,0,1,1,0,1,0,1,0,0,0
"60","821","102","1209","5917","4906","11240","930","16100","100036013","563240","1531","2370000","1062","92575","0",12,"67cc63a3a8d24ad74be65272","2.61","4.49","4.99","5.01","7.94","7.72","11.40","7.24","7.64","13.90","12.13","21.26","16.20","14.12","29.95","7.70",1,1,1,1,1,1,1,1,1,0,1,0,1,1,1,0
"60","831","103","1281","5601","5699","11542","916","16100","10003413","59320","1562","0","956","0","0",2,"63d151405b8e78eace7a44c3","3.27","15.35","16.17","8.69","5.34","15.52","22.63","18.15","24.74","23.82","15.01","13.73","30.00","14.12","30.00","30.00",1,0,0,0,0,0,0,0,1,0,0,0,0,0,0,0
"60","821","92","1202","5917","4690","11301","1000","17000","100035113","563240","2000","10300000","19999","93000","10000000",5,"5f41ae5ddb53f915ed43e2e1","2.39","9.23","9.60","11.54","19.87","10.18","29.77","11.15","19.86","18.70","12.76","25.15","13.85","25.16","11.95","9.36",1,1,0,0,1,0,0,0,0,1,1,0,0,0,0,0
"60","821","102","1209","5917","4906","11240","930","16100","100035113","563240","1498","273000","0","92252","9553543",11,"63868eb7abcf3f247da6f52b","4.25","10.95","10.25","10.36","11.73","11.85","14.59","14.62","11.50","15.68","21.83","21.95","24.57","30.00","26.41","20.84",1,1,1,1,1,1,1,1,1,1,1,0,0,0,0,0
"60","821","102","1209","0","4906","11203","930","16100","10003513","563200","3333","2470000","0","333333333333333","44444444444444",7,"677168d70ec2f9f7f9f6ac05","4.25","9.91","11.51","17.72","30.00","21.51","23.07","20.76","17.49","26.81","20.07","15.01","26.32","30.00","10.78","4.49",1,1,1,1,0,1,0,1,1,0,0,0,0,0,0,0
"60","821","109","1209","5917","5001","1152","1001","0","10003521","563240","1479","920000","859","91325","956325",5,"608bfa04767191aa4d57bfd8","3.41","8.71","22.11","7.43","24.31","19.40","6.74","13.54","30.00","27.96","18.29","10.62","9.05","7.10","9.09","12.36",1,1,0,1,1,0,0,0,0,0,1,0,0,0,0,0
"60","811","72","1209","5917","5678","9689","900","15100","100035113","562240","1256","1800000","1067","9308","100768",4,"6111ac5252aef485a7565f2b","3.58","20.48","11.99","17.86","23.79","9.48","24.53","7.03","13.98","19.29","22.87","7.62","27.54","8.27","11.13","7.07",1,0,0,1,1,0,0,0,0,1,0,0,0,0,0,0
"60","821","102","1209","5917","4906","11240","0","15100","100035113","563240","1538","2370000","0","0","0",10,"6684b71a5615b7da8e59ce56","4.43","8.24","16.68","7.66","10.95","12.24","13.06","30.00","23.48","18.74","25.95","25.17","21.39","30.00","30.00","30.00",1,1,1,1,1,1,1,0,0,1,1,0,1,0,0,0
"60","821","104","1209","5937","48150","11340","920","16100","1000351113","563240","1522","2370000","966","0","0",6,"5c0f500787e876000151fc5f","2.72","8.22","23.77","14.35","11.19","21.76","17.18","25.38","18.62","22.89","13.89","21.02","18.20","25.61","30.00","7.61",1,1,0,1,0,0,0,0,1,0,1,0,1,0,0,0
"60","821","102","1209","5917","4906","11240","930","16100","100035113","563240","1538","2370000","950","91450","1302222",12,"57f08d467f43070001c3a606","3.15","5.84","11.53","12.61","13.51","12.96","13.21","16.30","12.91","15.92","16.49","22.70","10.85","28.57","8.91","6.61",1,1,1,1,1,1,1,1,1,1,1,0,1,0,0,0
"60","821","102","1209","5917","4906","11240","930","16100","10035113","563240","1818","1020000","1009","0","1076846",10,"6369700320bc7dd22e733009","3.46","8.78","6.24","8.96","15.35","15.39","14.09","23.59","18.48","13.86","14.46","20.65","22.73","22.42","30.00","22.96",1,1,1,1,1,1,1,1,1,0,1,0,0,0,0,0
"60","821","102","1209","5917","4906","11340","930","16100","100034513","563240","2100","0","0","92000","10031641",9,"5d7ff85ffec5620017b07c40","2.67","16.61","15.90","12.06","17.11","23.16","23.58","18.88","24.69","28.40","28.68","22.75","30.00","30.00","23.99","7.96",1,1,1,1,1,1,0,1,1,0,1,0,0,0,0,0
"60","821","102","1282","5918","4803","1130","974","15100","100035113","560340","1408","1370000","982","91063","105863",4,"6735456e8034ea7e61eac785","4.12","9.63","21.44","24.27","26.52","25.70","21.73","18.66","27.30","21.26","28.75","23.49","26.38","12.08","20.66","9.99",1,1,1,0,0,0,0,0,0,1,0,0,0,0,0,0
"60","821","102","1209","5927","4906","11240","932","16100","100035113","563240","28","2370000","1000","97045","88385",10,"6339d33c8ee5d4d4b5607400","5.63","8.09","16.71","8.60","15.83","20.58","23.13","17.03","17.50","13.27","11.15","26.73","15.24","24.72","12.53","4.26",1,1,1,1,0,1,1,0,1,1,1,0,1,0,0,0
"60","821","102","1209","5980","4906","0","930","16100","100034213","59240","1500","0","0","92000","1006250",7,"67acea60283b9ad009444b49","5.72","12.73","10.32","12.16","23.12","25.87","30.00","14.85","9.70","27.41","12.47","29.52","30.00","30.00","25.21","11.27",1,1,1,1,0,1,0,1,1,0,0,0,0,0,0,0
"60","821","102","1209","5917","4906","11040","930","16000","100035113","563200","1412","2300000","1023","9305","1152325",8,"662939026740389d07b16f23","3.97","6.93","9.90","10.28","18.71","20.48","19.32","21.61","18.37","20.29","21.48","12.36","24.72","27.64","15.96","17.29",1,1,1,1,1,1,0,1,0,1,0,0,0,0,0,0
"60","821","102","1209","5917","4906","11000","930","16100","100035113","563240","0","2370000","1001","91255","1000000",11,"6579ff4c055fcd051ab0eb0c","3.76","11.65","11.12","14.44","14.92","17.02","26.57","17.93","20.18","20.45","29.55","30.00","19.78","24.52","9.02","13.97",1,1,1,1,1,1,0,1,1,1,1,0,1,0,0,0
"60","821","102","1209","5917","4906","12400","930","16200","100034503","563240","1528","1020000","1042","0","1062839",9,"67a3d7630e4bb8e956829fca","3.13","5.65","5.32","6.37","9.12","11.52","13.99","9.62","17.60","11.45","9.61","16.29","14.63","24.20","30.00","25.76",1,1,1,1,1,1,0,1,0,0,1,1,0,0,0,0
"60","821","102","1209","1597","4906","11140","1043","16100","10003113","563240","1500","920000","0","89888","9802345",7,"66a5957900d36ef1758c8e16","4.52","12.33","23.35","11.97","22.78","19.09","24.74","27.89","26.53","22.49","21.72","28.91","25.75","30.00","19.80","19.32",1,1,1,1,0,1,0,0,1,0,1,0,0,0,0,0
"60","821","102","1209","5917","4906","11240","0","16100","100035113","563240","1528","2370000","1062","10975","0",12,"680cf3759bbfca13d68e130a","4.40","8.57","8.05","14.97","9.40","15.27","19.01","30.00","14.86","19.77","19.93","21.15","15.66","25.54","25.98","30.00",1,1,1,1,1,1,1,0,1,1,1,1,1,1,0,0
"60","821","102","1279","6108","4889","0","0","16100","0","57300","1421","0","0","9345","1427000",4,"673d23b251f56d0010aa50ee","6.21","12.73","12.35","18.69","20.93","24.77","30.00","30.00","17.23","30.00","29.26","17.97","30.00","30.00","29.69","27.35",1,1,1,0,0,0,0,0,1,0,0,0,0,0,0,0
"60","821","102","1290","0","5422","11240","930","0","10035113","563240","1528","10200000","1062","92575","9990000",8,"648343299ec8050d10aee27d","9.65","13.12","14.99","20.61","30.00","28.99","21.52","15.43","30.00","26.87","26.15","17.61","21.63","20.30","22.56","15.05",1,1,1,0,0,0,1,1,0,0,1,1,0,1,1,0
"60","821","102","1209","6917","4905","10000","930","16100","100036010","563240","1400","1587000","1052","927500","1000000",7,"6657de6005b37ec6f43084a6","2.62","7.88","15.54","21.45","24.53","20.33","16.90","18.86","12.55","22.09","14.81","17.67","26.36","23.76","17.94","5.03",1,1,1,1,0,0,0,1,1,0,1,0,0,0,0,0
"60","821","112","1209","5917","3906","11504","930","16100","100035113","563240","1527","2370000","0","0","0",9,"60fdbb289d3a6f27ebd32f67","4.67","7.59","10.81","14.87","16.32","20.84","15.35","16.31","18.30","16.76","18.21","26.65","28.65","30.00","30.00","28.44",1,1,0,1,1,0,0,1,1,1,1,0,1,0,0,0
"60","821","102","1209","5927","4986","11240","930","16100","100035113","563240","1528","0","0","0","321321321",10,"6633a56b4295b8d6db0fc3c3","2.99","10.98","21.92","10.00","14.51","28.89","22.59","17.73","20.69","19.37","25.96","21.50","30.00","30.00","30.00","4.92",1,1,1,1,0,0,1,1,1,1,1,1,0,0,0,0
"60","821","102","1209","5917","4906","11240","930","16100","100034113","563240","0","23700000","0","94093","1029381028",10,"5953462b2d8f240001481c53","2.14","5.05","15.94","6.32","8.65","8.32","8.86","18.08","7.17","13.86","9.42","30.00","16.23","30.00","14.72","8.20",1,1,1,1,1,1,1,1,1,0,1,0,0,0,0,0
"60","821","102","1219","5017","4966","11240","930","16100","100035113","563240","1868","230000","1078","90653","4790417849",8,"665722639f7a09a8815bf198","4.34","11.55","22.26","20.81","29.52","15.69","17.62","27.10","14.91","19.60","14.91","29.77","26.11","22.57","13.23","6.31",1,1,1,0,0,0,1,1,1,1,1,0,0,0,0,0
"60","821","1021","1209","2911","4901","11241","233","15100","100035113","563240","1528","2370000","989","0","1035637",7,"5de5538f8fde1c4dbc951498","5.15","10.42","11.73","10.38","18.94","18.65","15.45","22.70","21.59","18.26","21.88","23.87","16.91","12.43","30.00","15.14",1,1,0,1,0,0,0,0,0,1,1,1,1,0,0,0
"60","821","102","1209","5917","5232","112444","930","15200","10005113","563249","1028","2240000","934","9765","10242408",6,"633c74ad6178784ed5b52104","2.37","5.86","10.22","13.77","11.93","5.10","26.18","12.72","12.68","17.46","16.33","22.79","28.76","26.04","24.57","6.85",1,1,1,1,1,0,0,1,0,0,0,0,0,0,0,0
"60","821","107","1209","5937","4906","23140","940","15100","100035013","563240","2500","23000000","4780","94000","124713103",5,"654bc148c95bca00d541ec33","4.96","19.05","12.76","9.53","20.73","21.35","8.30","15.51","10.80","28.53","21.54","28.34","27.31","22.19","16.11","23.30",1,1,0,1,0,1,0,0,0,0,1,0,0,0,0,0
"60","8321","102","0","0","4906","11340","0","16100","100035113","56240","0","2370000","0","0","0",6,"66b220f52efa370a54b655ee","9.16","16.23","10.42","30.00","30.00","24.20","27.64","30.00","9.29","20.14","17.14","30.00","20.19","30.00","30.00","30.00",1,0,1,0,0,1,0,0,1,1,0,0,1,0,0,0
"60","821","102","1209","5917","4906","11130","930","16100","100035113","563240","1529","2370000","525","99320","1293486",11,"66562875b665d8e2b1b6fc66","2.69","7.93","9.55","9.78","15.67","17.91","13.05","18.77","16.43","21.55","19.82","26.58","22.91","19.48","17.99","18.53",1,1,1,1,1,1,0,1,1,1,1,0,1,0,0,0
"60","821","102","1209","5918","4906","11240","930","16100","0","0","0","2370000","1062","0","0",9,"5efe29d315ba872fa20a9c3d","7.75","12.26","13.86","15.25","23.41","15.14","26.17","15.00","19.09","30.00","30.00","30.00","25.24","22.30","30.00","30.00",1,1,1,1,0,1,1,1,1,0,0,0,1,1,0,0
"60","821","102","1209","5917","4906","11240","930","16100","100035113","563240","1270","1020000","912","90127","10234789",11,"67ed8f12809e993b465ce944","3.94","9.67","12.78","10.65","12.17","13.91","16.50","12.20","13.97","21.41","14.87","15.75","16.18","10.25","10.00","16.48",1,1,1,1,1,1,1,1,1,1,1,0,0,0,0,0
"60","218","102","1209","5917","4906","0","930","16100","0","563244","1528","187000","1062","92576","110111",8,"6764e7d8f4da0156234521ff","5.83","14.61","11.43","13.92","12.41","7.82","21.30","13.46","17.10","30.00","15.09","17.03","21.59","20.43","21.91","7.83",1,0,1,1,1,1,0,1,1,0,0,1,0,1,0,0
"60","821","102","1209","5917","0","10240","930","16100","100035113","563240","0","200000","0","0","9495400",9,"652ffea2ef41994e29919c0f","2.63","9.75","7.60","9.10","23.41","30.00","24.17","23.05","10.49","13.85","13.08","30.00","29.80","30.00","30.00","28.56",1,1,1,1,1,0,0,1,1,1,1,0,0,0,0,0
"60","821","102","1109","5917","4906","13250","930","22100","0","563240","1528","2370000","0","0","0",9,"5c83394a3e93bf0001e143d6","2.09","6.01","18.37","7.82","8.26","13.95","18.72","13.14","18.27","30.00","21.08","26.38","20.28","30.00","30.00","30.00",1,1,1,0,1,1,0,1,0,0,1,1,1,0,0,0
"60","821","112","0","5417","4981","11200","916","31400","100035203","560374","1023","10000000","0","582858","0",2,"660584e2b830297fbbe2ecab","3.64","11.75","21.33","30.00","21.01","19.94","11.18","14.66","22.24","24.25","26.93","4.89","16.87","30.00","5.18","30.00",1,1,0,0,0,0,0,0,0,0,0,0,0,0,0,0
"60","821","84","1209","5917","4906","11240","0","31400","100035113","0","0","2370000","0","0","0",8,"5dc474fd45b8f933f16d6241","3.20","12.48","15.50","16.82","15.34","25.81","19.61","30.00","19.00","22.79","30.00","30.00","22.34","30.00","30.00","30.00",1,1,0,1,1,1,1,0,0,1,0,0,1,0,0,0
"60","721","63","700","6428","4232","11487","824","20500","100035113","562400","1464","193000","1489","10340","936748",2,"6547bf8012d4702680d55663","4.40","6.92","9.29","5.37","8.65","8.90","11.91","8.62","13.83","14.35","17.09","10.74","13.00","13.08","9.77","17.46",1,0,0,0,0,0,0,0,0,1,0,0,0,0,0,0
"60","829","435","1122","5677","4398","9788","189","15211","10034900","57987","1239","155700","950","93098","101239",1,"651ed17c366df83eeabae9dd","3.86","7.13","7.92","5.94","11.18","6.03","6.60","4.20","6.67","7.11","7.61","5.87","7.20","6.51","6.84","7.38",1,0,0,0,0,0,0,0,0,0,0,0,0,0,0,0
"60","0","103","1591","0","5901","0","0","16100","0","0","0","0","0","0","0",2,"65fcc84e70796a69373bcd0e","5.91","30.00","20.24","22.54","30.00","28.13","30.00","30.00","22.66","30.00","30.00","30.00","9.73","27.05","30.00","5.02",1,0,0,0,0,0,0,0,1,0,0,0,0,0,0,0
"60","821","102","1209","5917","4906","1240","930","16100","100035113","563240","1728","2370000","925","91650","564135",11,"6291293b4da216ae257c1867","3.40","13.97","18.91","8.09","14.44","13.24","12.96","19.19","11.79","11.78","11.83","29.81","18.36","14.68","24.13","6.24",1,1,1,1,1,1,0,1,1,1,1,0,1,0,0,0
"60","821","102","1209","5917","4906","11040","950","15100","100035113","563240","0","2370000","0","94250","124000",9,"66857cc20736230620552dbc","4.59","9.85","9.71","7.22","12.14","14.52","22.18","22.14","23.41","15.75","23.14","30.00","19.62","30.00","11.71","5.89",1,1,1,1,1,1,0,0,0,1,1,0,1,0,0,0
"60","821","103","1209","6917","4896","11240","903","16100","10005113","563240","1589","10200000","1055","92738","0",6,"5df3c82961b48a2907204173","3.18","6.04","12.32","9.61","9.85","8.15","9.60","20.87","13.34","18.92","16.46","20.68","11.89","16.87","12.05","30.00",1,1,0,1,0,0,1,0,1,0,1,0,0,0,0,0
"60","821","1001","1209","5917","4954","11240","1734","0","100035113","58940","1828","0","125675","0","0",6,"65c120df98be0f4091886a41","5.35","10.14","18.51","12.53","19.45","26.50","20.86","27.34","30.00","23.92","17.95","23.82","30.00","25.98","30.00","30.00",1,1,0,1,1,0,1,0,0,1,0,0,0,0,0,0
"60","821","102","1209","6017","4906","12340","930","16100","100035113","563240","1528","2350000","1062","0","0",10,"66114844b8efff4b2af276ec","5.15","14.38","11.49","10.99","15.42","22.87","23.47","12.80","19.48","16.36","13.31","20.01","16.86","28.11","30.00","11.11",1,1,1,1,0,1,0,1,1,1,1,1,0,1,0,0
"60","821","112","0","5917","4906","0","0","16100","100035113","0","0","9270000","0","0","0",6,"66660a053b08e2a34f9b945c","7.19","14.60","23.89","30.00","23.15","25.77","30.00","30.00","11.67","22.24","30.00","30.00","22.20","30.00","30.00","30.00",1,1,0,0,1,1,0,0,1,1,0,0,0,0,0,0
"60","821","102","1209","5917","4906","11260","0","16100","100035113","563240","0","2420000","0","0","0",9,"5dabc4c317ce000014de326e","4.33","14.34","18.41","18.00","16.43","17.40","24.72","30.00","19.51","27.80","14.36","30.00","28.40","30.00","30.00","30.00",1,1,1,1,1,1,0,0,1,1,1,0,0,0,0,0
"60","821","92","1209","5917","0","11240","930","16100","100035113","563240","0","2370000","1062","92575","0",11,"670e3c70da3334b19d83bebc","4.46","12.42","11.30","11.62","15.34","30.00","22.76","15.97","17.83","24.50","26.67","30.00","22.79","24.40","26.55","30.00",1,1,0,1,1,0,1,1,1,1,1,0,1,1,1,0
"60","821","102","1219","5335","4906","102400","930","16100","10003613","59240","0","2370000","0","0","0",7,"5e8a1827052175000938eb91","5.06","21.33","17.97","3.84","18.24","24.03","20.21","14.42","20.14","22.53","25.25","30.00","27.16","30.00","30.00","30.00",1,1,1,0,0,1,0,1,1,0,0,0,1,0,0,0
"4534","5313","102","45345","5917","53513","5353","956","23453","453123","353351","45345","534521","13531","1238345","351313",2,"5ff591cba89e1b000bfb9852","1.03","0.98","8.32","1.30","7.78","1.68","1.27","6.07","1.09","1.80","1.40","1.36","3.92","1.52","1.94","1.29",0,0,1,0,1,0,0,0,0,0,0,0,0,0,0,0
"60","821","102","1209","5682","4906","11340","1710","16100","100035113","563240","1518","2300000","3684901","18889035","9775920",8,"67b795fcea3a1dba350ab9b4","5.79","14.26","13.05","13.12","29.52","22.32","17.55","22.80","22.02","23.07","29.41","27.14","22.99","6.38","19.16","2.32",1,1,1,1,0,1,0,0,1,1,1,0,0,0,0,0
"60","821","102","1209","5971","4906","11240","930","35000","10004113","571340","9548","0","945","9723","1003000",7,"6750b01b6884189e0a7008f4","2.47","10.24","20.45","22.14","14.99","15.55","20.76","22.48","16.51","27.01","26.11","25.95","30.00","23.57","24.29","7.28",1,1,1,1,0,1,1,1,0,0,0,0,0,0,0,0
"60","800","0","1189","6000","5000","10000","900","19700","10003600","5690040","500","10500000","1000","92000","1000000",1,"66393ddc9483d4299b5e311e","4.13","5.87","30.00","10.14","10.70","20.76","18.01","15.55","23.11","17.09","17.57","20.14","14.71","17.41","14.77","14.65",1,0,0,0,0,0,0,0,0,0,0,0,0,0,0,0
"60","821","102","1209","5917","4906","11240","930","16100","100035113","563240","1538","2370000","0","0","0",12,"5da8edc60f9c9c0017526948","2.41","9.22","15.97","8.27","12.46","16.61","16.76","19.76","9.13","11.28","14.43","25.72","20.23","30.00","30.00","30.00",1,1,1,1,1,1,1,1,1,1,1,0,1,0,0,0
"60","821","102","1209","6917","4906","10904","930","16100","10031513","563240","0","0","0","0","0",8,"678582a444b790d8c4c5cc1c","5.31","8.05","11.09","16.59","11.54","13.65","25.68","28.30","14.41","18.44","10.05","30.00","30.00","30.00","30.00","30.00",1,1,1,1,0,1,0,1,1,0,1,0,0,0,0,0
"60","821","92","1209","5917","4906","11240","930","16100","10003613","563240","1523","2370000","1057","92568","0",10,"60f2a2b4932fed5326988e0f","4.12","10.20","9.28","11.40","14.96","15.66","20.89","16.99","12.73","28.51","15.86","24.99","17.63","27.40","28.28","30.00",1,1,0,1,1,1,1,1,1,0,1,0,1,0,0,0
"60","821","103","0","5917","6500","0","0","0","0","0","0","0","0","0","0",3,"660c28b0eeb115dac604d8c7","4.90","16.19","14.19","30.00","28.85","20.04","30.00","30.00","30.00","30.00","30.00","30.00","30.00","30.00","30.00","30.00",1,1,0,0,1,0,0,0,0,0,0,0,0,0,0,0
"60","821","102","1229","5966","4906","11240","920","16100","100036013","563240","1567","2400000","900","93000","955467",7,"67ac95764f3091a540c69b5b","2.21","7.21","13.48","13.30","27.35","21.80","27.11","17.25","8.29","20.64","14.73","17.55","28.71","24.20","19.57","26.66",1,1,1,0,0,1,1,0,1,0,1,0,0,0,0,0
"60","281","102","1209","5917","4906","11240","930","16100","100035113","5603250","0","0","0","0","0",9,"6017b65539ce08a28743cce5","2.76","11.90","19.93","15.16","17.69","18.70","23.44","10.89","16.62","18.28","27.43","30.00","30.00","30.00","30.00","30.00",1,0,1,1,1,1,1,1,1,1,0,0,0,0,0,0
"60","821","102","1209","5917","4906","11240","930","16100","100035113","563240","1828","2370000","0","0","0",12,"6630e36ad79d4c0051a4b2ee","5.80","19.14","14.52","15.53","14.94","16.84","20.09","20.11","27.34","26.96","24.12","21.16","28.41","30.00","30.00","18.89",1,1,1,1,1,1,1,1,1,1,1,0,1,0,0,0
"60","821","99","1100","5600","5966","11000","1000","16100","1000034509","582000","1500","1587000","500","100000","10000000",3,"67e9f29c98f6bc11131e8932","5.56","11.19","14.03","11.71","7.06","12.23","11.82","6.87","19.74","21.56","19.45","13.42","22.06","5.90","8.28","11.12",1,1,0,0,0,0,0,0,1,0,0,0,0,0,0,0
"60","821","102","1209","0","4906","0","930","16100","0","0","0","0","0","0","0",7,"600e13b23c75bc67ab184745","6.48","11.04","11.60","18.83","30.00","25.21","30.00","27.67","20.67","30.00","30.00","30.00","30.00","30.00","30.00","30.00",1,1,1,1,0,1,0,1,1,0,0,0,0,0,0,0
"60","821","92","1209","5917","0","11240","291","25000","100035113","563240","152","2370000","0","0","0",8,"67a588fc73476d11c7db25ff","6.11","11.66","21.91","10.29","17.71","30.00","20.16","23.74","22.62","22.98","17.55","29.81","22.36","14.03","9.07","4.62",1,1,0,1,1,0,1,0,0,1,1,0,1,0,0,0
"60","821","102","1209","5917","4906","11240","930","0","0","0","0","1587000","1078","90569","0",8,"5cbe04b4f429ff00159de30e","3.67","11.05","16.05","13.93","15.73","18.38","12.79","18.77","30.00","30.00","30.00","30.00","26.88","25.20","23.29","30.00",1,1,1,1,1,1,1,1,0,0,0,0,0,0,0,0
"60","0","101","0","0","0","0","1416","0","0","0","0","0","654","0","0",1,"674e450b1a4a8e2d4e8d7e7c","4.94","30.00","26.21","30.00","30.00","30.00","30.00","23.12","30.00","30.00","30.00","30.00","30.00","18.70","30.00","30.00",1,0,0,0,0,0,0,0,0,0,0,0,0,0,0,0
"60","821","102","1209","5917","5908","11240","930","16100","100035113","563540","1448","2370000","1064","91575","0",10,"668adbfcb3549e7f656159c6","2.82","12.04","20.31","15.32","13.60","27.09","26.33","23.60","12.51","17.31","15.95","25.83","19.50","29.71","29.62","30.00",1,1,1,1,1,0,1,1,1,1,0,0,1,0,0,0
"60","821","92","1209","7000","1234","11000","1100","16100","100035113","563240","1400","2300000","1000","1111111","23",6,"5ef3e3c01ece121907ee721a","5.44","16.48","22.41","20.70","22.11","7.72","21.39","24.06","19.80","24.82","22.30","10.27","22.45","9.52","8.15","7.70",1,1,0,1,0,0,0,0,1,1,1,0,0,0,0,0
"60","821","102","1209","5917","0","1240","922","3500","0","563240","1521","10070000","1082","12025","0",6,"5a0efb83ab721b0001ef8509","3.54","7.05","9.14","13.28","14.45","30.00","19.32","14.61","6.38","30.00","10.59","25.23","26.62","24.73","23.61","30.00",1,1,1,1,1,0,0,0,0,0,1,0,0,0,0,0
"60","821","102","1209","0","4906","11230","930","16100","0","563240","1509","2300000","0","0","10000000",8,"6526f601bedbae17738408b1","6.38","22.80","13.05","15.88","30.00","23.14","21.08","29.13","17.09","30.00","19.12","19.14","27.81","30.00","30.00","29.02",1,1,1,1,0,1,0,1,1,0,1,0,0,0,0,0
"60","821","102","1209","5917","4906","11240","930","16100","100035113","5603240","1443","2370000","1001","0","9540584",11,"663e3c2870a87bac315ac450",NA,NA,NA,NA,NA,NA,NA,NA,NA,NA,NA,NA,NA,"29.32","30.00",NA,1,1,1,1,1,1,1,1,1,1,0,0,1,0,0,0
"60","821","100","1000","5000","4895","1100","1000","16500","1000035090","56340","2000","200000","1200","10000","2000000",2,"67f192f32211291a2f12f1f8","3.10","11.00","7.53","7.25","10.52","15.38","10.20","8.14","19.21","12.97","14.17","7.55","11.32","8.96","7.08","8.50",1,1,0,0,0,0,0,0,0,0,0,0,0,0,0,0
"60","821","1202","1210","5606","4967","120987","896","22000","10003790","5763333","1509","1020000","1169","92567","1790888",2,"6597f690c74785b864bfadcc","4.34","18.60","20.03","13.11","7.86","23.71","9.11","25.68","14.73","11.71","19.47","23.27","19.12","11.37","22.30","13.18",1,1,0,0,0,0,0,0,0,0,0,0,0,0,0,0
"60","921","130","1208","5737","5286","10250","981","35000","10004423","56370","1367","237000","1163","115421","13520337",1,"5e9f2cd17c41440a2855a88e","4.04","19.45","21.31","15.70","20.98","11.67","11.04","10.87","25.43","15.85","15.37","17.78","19.54","14.71","14.79","26.48",1,0,0,0,0,0,0,0,0,0,0,0,0,0,0,0
"60","821","102","1209","5917","4906","11240","930","0","100035113","0","0","0","0","0","0",9,"5cb5e6927a92c500015c0de1","3.13","17.29","15.20","21.21","19.58","18.27","24.96","23.66","30.00","25.53","30.00","30.00","30.00","30.00","30.00","30.00",1,1,1,1,1,1,1,1,0,1,0,0,0,0,0,0
"60","821","102","1209","0","4906","11240","0","0","0","0","0","0","0","0","0",6,"63bcbf7e0ac7e876387ef720","8.88","17.50","15.84","17.74","30.00","22.80","25.30","30.00","30.00","30.00","30.00","30.00","30.00","30.00","30.00","30.00",1,1,1,1,0,1,1,0,0,0,0,0,0,0,0,0
"60","821","102","1209","6917","0","11240","930","16100","100035113","563240","1523","13100000","1047","92369","0",9,"66a487383e6918144d956b3f","3.61","13.12","18.88","12.71","20.86","30.00","27.99","26.24","21.76","23.43","27.17","20.04","25.40","23.44","26.13","30.00",1,1,1,1,0,0,1,1,1,1,1,0,0,0,0,0
"60","821","102","1290","0","4916","0","0","16200","100035113","563240","0","9200000","0","0","0",5,"628f7e982aad1788d940317a","5.32","16.01","18.37","17.14","30.00","18.76","30.00","30.00","24.43","21.38","19.68","30.00","28.59","30.00","30.00","30.00",1,1,1,0,0,0,0,0,0,1,1,0,0,0,0,0
"60","812","102","1209","5917","4906","11240","930","16100","100035113","563240","0","2370000","0","0","0",11,"663cd2a752052a401309afa1","5.26","17.04","10.51","7.08","29.86","20.86","25.68","27.96","13.91","24.71","17.91","30.00","16.43","30.00","30.00","30.00",1,0,1,1,1,1,1,1,1,1,1,0,1,0,0,0
"60","821","102","0","6811","0","0","0","16100","0","0","0","0","0","0","0",4,"668e8d558747a79e56b4b140","6.50","21.89","18.41","30.00","26.42","30.00","30.00","30.00","19.00","30.00","30.00","30.00","30.00","30.00","30.00","30.00",1,1,1,0,0,0,0,0,1,0,0,0,0,0,0,0
"60","821","72","1109","0","0","10240","0","16000","0","563240","0","2300000","0","0","0",3,"66e4c4358de330a06b4d33f1","4.65","18.42","29.53","19.41","30.00","30.00","29.04","30.00","19.33","30.00","23.36","30.00","23.95","30.00","30.00","30.00",1,1,0,0,0,0,0,0,0,0,1,0,0,0,0,0
"60","821","102","1209","5917","0","13242","930","16100","100035113","563240","1234","23700000","1234","92382","10000000",9,"60e5d60060cde4e18c4c8732","3.02","6.26","9.90","7.59","14.66","30.00","16.13","16.17","6.74","13.58","18.54","3.56","13.90","28.27","9.96","5.61",1,1,1,1,1,0,0,1,1,1,1,0,0,0,0,0
"60","821","102","1209","5917","4906","11240","930","35000","0","59240","1528","23700000","1062","92575","0",10,"636da58a0d76bbb9167dbf3e","3.14","9.50","9.86","10.45","14.65","11.84","13.81","17.32","29.28","30.00","3.95","18.48","26.21","19.41","23.88","30.00",1,1,1,1,1,1,1,1,0,0,0,1,0,1,1,0
"60","821","102","1209","0","4896","11240","930","15400","100035103","56320","0","2370000","0","0","0",7,"5e2f5b28129198070e2996db","11.97","18.19","21.81","14.12","30.00","29.45","21.01","21.98","25.67","20.72","19.55","30.00","25.45","30.00","30.00","30.00",1,1,1,1,0,0,1,1,0,0,0,0,1,0,0,0
"60","811","82","1009","0","5904","0","0","16100","0","5603240","0","0","0","0","0",2,"5b8c7161284d9b00019dee13","7.86","18.14","21.02","28.99","30.00","27.13","30.00","30.00","26.79","30.00","29.89","30.00","30.00","30.00","30.00","30.00",1,0,0,0,0,0,0,0,1,0,0,0,0,0,0,0
"60","821","102","0","5927","4906","11300","1500","3500","100035103","583240","1524","15870000","1124","11243","112484",4,"60d22e68bb03e1da436b8b7c","4.80","7.69","17.38","30.00","15.12","17.81","9.84","12.00","18.06","27.00","20.66","11.18","13.16","12.14","20.82","11.12",1,1,1,0,0,1,0,0,0,0,0,0,0,0,0,0
"60","821","0","1209","6827","4906","10430","0","0","100035113","563240","1520","0","0","0","0",6,"6564fa10de4976d2bd35c0c1","4.11","9.55","30.00","18.27","19.76","16.49","19.02","30.00","30.00","22.48","14.03","21.05","30.00","30.00","30.00","30.00",1,1,0,1,0,1,0,0,0,1,1,0,0,0,0,0
"60","821","104","1209","5917","4956","0","0","16100","0","563140","0","2300000","0","0","0",5,"672725b2b7c4533a62aabc07","5.60","22.43","18.23","21.28","22.49","22.64","30.00","19.73","23.84","30.00","28.28","30.00","23.51","9.56","30.00","4.36",1,1,0,1,1,0,0,0,1,0,0,0,0,0,0,0
"60","821","102","1209","5917","4906","11250","930","0","10003613","0","0","0","0","0","0",7,"610971ac8159690397a047c5","4.72","14.10","13.64","9.18","12.77","15.39","19.11","22.34","30.00","27.27","30.00","30.00","30.00","30.00","30.00","30.00",1,1,1,1,1,1,0,1,0,0,0,0,0,0,0,0
"60","821","102","1109","5917","4906","11240","0","0","100035113","563240","1430","2370000","0","12350","0",9,"67055d0ecc3bc206b44f3d91","3.81","12.69","23.07","13.78","21.77","14.18","24.53","30.00","30.00","19.78","24.13","5.39","28.52","30.00","25.98","30.00",1,1,1,0,1,1,1,0,0,1,1,0,1,0,0,0
"60","821","102","1209","6839","5206","11240","0","0","10004103","563240","1453","22700000","3567","93645","15687923",6,"65ca7b52b557f4aa965301ef","5.04","17.07","20.36","17.54","23.99","18.75","28.65","30.00","30.00","28.83","29.39","22.23","22.47","13.63","29.57","13.05",1,1,1,1,0,0,1,0,0,0,1,0,0,0,0,0
"60","821","102","1219","5945","0","0","0","142300","10003229","563340","0","1587000","0","0","0",3,"665f4a8236d81b9f154a1b08","7.30","19.22","26.96","26.00","27.08","30.00","30.00","30.00","22.80","28.01","20.70","30.00","23.30","30.00","30.00","30.00",1,1,1,0,0,0,0,0,0,0,0,0,0,0,0,0
"60","821","102","1209","5917","5000","11240","930","1718","100000","3296000","1528","1020000","1062","92575","150000000",9,"65e74f3dd1cf1c6869f7af37","6.16","8.55","9.75","8.35","10.29","13.18","10.31","10.71","17.87","17.24","16.08","11.71","14.69","15.43","14.99","14.88",1,1,1,1,1,0,1,1,0,0,0,1,0,1,1,0
"60","821","102","1209","5917","4906","11240","0","16100","0","563240","0","2370000","0","0","0",10,"6655c26b3febe837edb0fe02","3.59","18.29","20.67","12.32","20.17","26.31","26.16","30.00","24.37","30.00","28.64","30.00","22.51","30.00","30.00","30.00",1,1,1,1,1,1,1,0,1,0,1,0,1,0,0,0
"60","821","102","1209","5917","0","11240","930","16100","0","563240","1528","102000","1062","0","0",10,"63d546d88ccf3a038620bb8c","3.43","10.70","6.93","14.55","11.15","30.00","9.59","10.79","12.57","30.00","22.51","15.30","19.25","14.43","30.00","30.00",1,1,1,1,1,0,1,1,1,0,1,1,0,1,0,0
"60","721","92","1141","6400","5023","11000","126","2500","11000","9000","1350","0","300","1000","20000",1,"561d98e03d7fe8000b0f5e09","5.65","25.34","26.25","29.15","15.56","21.12","11.73","10.87","16.94","7.96","11.11","11.61","30.00","11.69","17.10","13.91",1,0,0,0,0,0,0,0,0,0,0,0,0,0,0,0
"60","821","102","1209","0","5906","11250","930","16100","100036013","563240","0","2370000","0","0","0",8,"66d3474831981698998d053c","3.56","15.41","16.78","23.91","30.00","23.91","28.44","24.08","16.35","22.68","21.77","30.00","22.51","30.00","30.00","30.00",1,1,1,1,0,0,0,1,1,0,1,0,1,0,0,0
"60","821","102","1209","5917","4906","0","920","16100","100035113","563240","1670","2370000","0","5896","0",10,"67d187f13384c3052612cca3","2.91","8.89","10.03","14.76","23.05","24.04","30.00","23.35","18.74","24.38","19.11","20.75","28.96","30.00","27.91","30.00",1,1,1,1,1,1,0,0,1,1,1,0,1,0,0,0
"60","821","102","1209","5917","4906","11240","930","16100","100035113","563240","8528","2370000","1062","92575","0",13,"677edb96bb091e27806608b9","4.91","11.84","9.59","13.83","12.71","13.11","20.83","20.64","15.70","28.43","23.16","19.64","21.17","28.38","23.87","30.00",1,1,1,1,1,1,1,1,1,1,1,0,1,1,1,0
"60","821","112","1209","5917","4907","11240","930","31000","100035113","0","1528","2370000","1144","92575","0",10,"66805f486ae4ada5289839e3","4.79","12.98","18.20","14.54","20.93","23.52","18.39","18.49","24.04","26.34","30.00","19.71","27.64","28.53","26.24","30.00",1,1,0,1,1,0,1,1,0,1,0,1,1,0,1,0
"60","821","0","1209","5917","0","0","930","0","0","563240","0","237000","0","0","0",6,"664ea702fbdc6c41eb8ee937","4.11","18.27","30.00","9.78","21.97","30.00","30.00","23.08","30.00","30.00","25.92","30.00","21.10","30.00","30.00","30.00",1,1,0,1,1,0,0,1,0,0,1,0,0,0,0,0
"60","0","102","0","0","0","0","0","0","0","0","0","0","0","0","0",2,"63d698af12a4d488c5fdf05a","7.02","30.00","26.30","30.00","30.00","30.00","30.00","30.00","30.00","30.00","30.00","30.00","30.00","30.00","30.00","8.68",1,0,1,0,0,0,0,0,0,0,0,0,0,0,0,0
"60","821","102","1209","5917","4900","11600","930","16100","10004113","0","0","0","0","11543","1354876",7,"62b9c2f1e55fe9f17dfedc5d","4.09","10.33","11.06","9.55","14.07","18.57","21.78","18.48","18.39","22.61","30.00","30.00","30.00","30.00","9.73","13.89",1,1,1,1,1,0,0,1,1,0,0,0,0,0,0,0
"60","821","102","1209","5917","4906","11240","930","16100","0","563340","0","0","0","0","0",9,"629aaa38fdfc8168501b930e","4.19","10.19",NA,NA,"22.94",NA,NA,NA,NA,"28.27",NA,"30.00","30.00","11.01","6.25","5.03",1,1,1,1,1,1,1,1,1,0,0,0,0,0,0,0
"60","821","103","609","0","4906","0","930","3500","10034113","0","1528","0","0","0","0",5,"5d1a611734f57200164d4cd5","4.26","11.06","18.72","11.50","30.00","22.78","30.00","17.34","17.64","27.96","30.00","18.43","30.00","30.00","30.00","30.00",1,1,0,0,0,1,0,1,0,0,0,1,0,0,0,0
"60","821","102","1209","5917","4906","11240","930","16100","0","0","0","2370000","0","0","0",10,"59f226a9d6380600018b2923","4.82","15.95","20.94","14.10","16.94","23.90","18.45","21.74","25.38","30.00","30.00","30.00","20.60","30.00","30.00","30.00",1,1,1,1,1,1,1,1,1,0,0,0,1,0,0,0
"60","821","1002","1028","5950","4900","10008","950","16100","100035090","590000","1582","13400000","1081","92100","10000000",3,"655f8ed110c1375ed1b41d08","3.31","7.15","8.30","16.39","19.84","12.73","15.71","9.55","10.59","14.56","17.34","12.70","17.28","17.01","13.43","25.21",1,1,0,0,0,0,0,0,1,0,0,0,0,0,0,0
"60","821","102","129","0","0","0","0","16100","0","0","0","237000","0","0","0",4,"667a2a09c4912ebdc9078387","4.24","28.72","23.89","23.94","30.00","30.00","30.00","30.00","18.71","30.00","30.00","30.00","28.69","30.00","30.00","30.00",1,1,1,0,0,0,0,0,1,0,0,0,0,0,0,0
"60","821","102","1209","5917","34906","11240","930","16100","0","563240","1528","0","1062","146789","0",10,"63a2844c9d6acbec7228a420","5.31","21.27","13.84","14.57","18.43","28.01","19.90","14.66","18.64","30.00","25.11","20.73","30.00","25.15","26.67","30.00",1,1,1,1,1,0,1,1,1,0,1,1,0,1,0,0
"60","721","102","1209","42","4906","10740","930","0","0","59240","0","2337000","0","0","0",5,"6653ae434d386b6218f51efb","7.00","11.07","5.54","16.33","27.16","17.51","22.10","15.87","30.00","30.00","27.50","30.00","26.27","30.00","30.00","30.00",1,0,1,1,0,1,0,1,0,0,0,0,0,0,0,0
"60","821","102","1300","5917","4906","11240","922","16100","100035113","0","1525","0","1062","92000","0",8,"6706aeab632984a66f859a2a","2.84","20.65","13.59","19.02","14.38","11.39","17.01","23.91","17.25","16.16","30.00","16.46","30.00","21.39","18.84","5.02",1,1,1,0,1,1,1,0,1,1,0,0,0,1,0,0
"60","821","102","1209","5917","4906","11240","930","16100","0","0","0","2370000","1062","91303","0",10,"66a02d45a7db35d93c9f6a81","3.46","19.57","14.58","19.54","22.94","23.93","24.69","17.10","25.28","30.00","30.00","30.00","26.94","26.78","21.56","30.00",1,1,1,1,1,1,1,1,1,0,0,0,1,1,0,0
"60","821","0","0","5917","4906","0","930","0","0","0","0","0","0","0","0",5,"65fcc10f1b8021c98cace561","5.05","22.34","30.00","30.00","26.01","21.08","30.00","20.21","30.00","30.00","30.00","30.00","30.00","30.00","30.00","30.00",1,1,0,0,1,1,0,1,0,0,0,0,0,0,0,0
"60","821","0","0","0","0","0","0","16000","10035113","0","0","1000000","0","0","0",2,"6717f6d35993e2dc6a06d1a9","5.05","17.82","30.00","30.00","30.00","30.00","30.00","30.00","21.21","24.98","30.00","30.00","21.46","30.00","30.00","30.00",1,1,0,0,0,0,0,0,0,0,0,0,0,0,0,0
"60","821","93","1209","5907","5202","1066","928","16100","100035113","0","1345","2270000","0","92354","0",5,"611bef869f91f800ad3b193e","6.28","12.85","25.71","21.90","26.76","21.36","24.38","24.99","26.86","25.10","30.00","23.10","28.31","30.00","13.91","30.00",1,1,0,1,0,0,0,0,1,1,0,0,0,0,0,0
"60","822","102","1209","5050","4906","11140","830","16100","10004387","59640","1365","102000","1080","0","0",5,"67ccc62a623f466a4ad19371","5.85","12.84","17.05","19.50","18.34","28.35","21.36","14.45","27.18","22.36","24.22","22.92","23.88","22.14","30.00","30.00",1,0,1,1,0,1,0,0,1,0,0,0,0,0,0,0
"60","821","102","1209","5917","4906","11240","0","16100","100035113","563240","0","0","0","0","0",10,"5f2f03deec679e2cf4a992e6","3.69","16.80","19.17","14.34","21.51","17.69","21.32","30.00","27.42","19.86","27.35","30.00","30.00","30.00","30.00","30.00",1,1,1,1,1,1,1,0,1,1,1,0,0,0,0,0
"60","821","112","1309","5917","0","0","0","16100","10035113","59240","0","236000","0","0","0",4,"5ef4d8b87faaa00c0dea0c4e","4.19","26.35","27.20","28.43","29.26","30.00","30.00","30.00","23.84","29.49","29.78","30.00","24.11","3.09","30.00","4.40",1,1,0,0,1,0,0,0,1,0,0,0,0,0,0,0
"60","821","102","1209","5917","4906","11240","930","16100","0","563240","1530","10200000","1062","92575","0",11,"657b80c8ff78a49936e4cff3","7.72","11.77","13.18","15.22","16.02","25.13","19.78","19.58","20.20","30.00","23.77","22.24","26.38","22.79","22.58","30.00",1,1,1,1,1,1,1,1,1,0,1,0,0,1,1,0
"60","821","102","1209","5917","4906","11240","930","0","100035113","563240","0","2370000","950","92575","6",12,"678c5d733f5484a759abaad1","5.88","10.11","18.27","14.28","11.80","10.55","12.18","11.12","30.00","26.80","21.07","30.00","24.46","24.94","17.01","27.07",1,1,1,1,1,1,1,1,0,1,1,0,1,0,1,0
"60","821","102","1209","0","4906","0","928","16100","0","0","0","0","0","0","0",6,"660ff598a3391e9b7d8feab4","4.15","12.38","10.24","24.87","30.00","26.12","30.00","27.35","28.43","30.00","30.00","30.00","30.00","30.00","30.00","30.00",1,1,1,1,0,1,0,0,1,0,0,0,0,0,0,0
"60","821","112","1209","5917","0","15000","230","14500","100035113","563240","0","0","1543","91256","10000000000002",6,"565c931eba63db00051cd52d","3.22","13.46","17.07","21.39","25.58","30.00","18.51","26.84","29.76","18.84","27.55","30.00","30.00","22.90","22.33","16.00",1,1,0,1,1,0,0,0,0,1,1,0,0,0,0,0
"60","0","0","1100","0","4900","0","0","0","0","550000","0","0","0","0","0",1,"546e3778fdf99b2bc7ebcff6","12.39","30.00","30.00","19.51","30.00","18.82","30.00","30.00","30.00","30.00","23.45","30.00","30.00","30.00","30.00","30.00",1,0,0,0,0,0,0,0,0,0,0,0,0,0,0,0
"60","821","102","1209","6917","4906","11240","1030","16100","1000553","563250","1524","1056","0","92654","0",7,"67fd4e102dd892b2821e4f33","3.86","17.93","18.51","15.78","22.02","16.01","18.96","18.49","20.61","29.90","19.70","11.37","5.48","30.00","20.56","7.47",1,1,1,1,0,1,1,0,1,0,0,0,0,0,0,0
"60","821","102","1209","5917","4986","11250","930","16100","10035113","563240","1528","2370000","0","75","0",10,"5e45a09c8155b00828c83d95","2.72","9.84","19.98","15.69","13.59","18.55","13.74","22.09","9.81","15.60","20.77","25.45","14.51","2.11","26.90","2.52",1,1,1,1,1,0,0,1,1,0,1,1,1,0,0,0
"60","821","102","1209","5917","4906","11240","930","16100","100035113","563240","1528","2370000","1062","92575","0",14,"66ec53081cee4673ae883dce","4.08","9.66","10.69","10.86","17.10","12.82","13.97","17.53","14.08","24.40","21.22","15.07","21.35","18.12","23.32","30.00",1,1,1,1,1,1,1,1,1,1,1,1,1,1,1,0
"60","821","112","1101","5612","4887","9000","945","16100","1000351023","56830","1345","150870000","976","100000","1000145",3,"5abe4f25fa3b4e000173303f","4.30","17.25","15.63","14.59","8.81","8.38","9.76","8.65","11.15","15.80","16.77","8.89","11.12","5.66","11.86","10.73",1,1,0,0,0,0,0,0,1,0,0,0,0,0,0,0
"60","821","102","12009","5917","48019","10230","913","145700","100035113","563440","1542","15800000","0","9167666","1000000",5,"579181fa913c71000197531b","8.27","19.30","15.27","16.12","16.80","22.12","18.15","29.39","18.73","18.45","19.20","17.89","20.96","30.00","28.68","10.15",1,1,1,0,1,0,0,0,0,1,0,0,0,0,0,0
"60","821","102","1209","5917","4906","9240","930","0","100035113","563240","0","2370000","0","0","0",10,"67e70a61f963fecfc78db7ab","6.21","20.59","17.84","13.16","17.56","28.48","28.75","26.92","30.00","28.92","27.36","30.00","26.01","30.00","30.00","30.00",1,1,1,1,1,1,0,1,0,1,1,0,1,0,0,0
"60","821","102","1209","0","4906","0","932","16100","100035113","563240","1528","2370000","1062","0","0",10,"5591cd21fdf99b63126f6c60","3.26",NA,"15.07","9.03","30.00","12.66","30.00",NA,"12.98","21.38",NA,"12.61","15.34","21.13","30.00","30.00",1,1,1,1,0,1,0,0,1,1,1,1,1,1,0,0
"60","821","102","1209","5917","0","0","920","16100","1000035113","563240","1448","0","950","0","0",7,"671a6d57cb932ed4526d42df","2.85","7.06","9.24","6.61","13.97","30.00","30.00","8.57","14.04","12.50","13.43","27.52","30.00","29.34","30.00","11.89",1,1,1,1,1,0,0,0,1,0,1,0,0,0,0,0
"60","821","102","1201","9517","4916","12240","0","16210","100035113","563240","1536","0","1062","0","0",5,"64077ddd11208afe2bec171a","3.84","13.68","10.08","9.89","18.26","21.99","25.19","27.06","23.34","19.05","8.63","23.60","30.00","21.63","3.51","2.57",1,1,1,0,0,0,0,0,0,1,1,0,0,1,0,0
"60","821","102","1209","0","4906","11240","930","16100","10003512","562740","1528","1020000","1003","0","12000027",9,"65831ec7a0cb41561b8e43e9","5.77","12.41","15.46","13.17","30.00","13.69","26.64","15.93","24.87","28.54","21.83","27.34","27.56","29.51","30.00","25.68",1,1,1,1,0,1,1,1,1,0,0,1,0,0,0,0
"60","821","102","1209","5917","4906","11240","820","16100","10003323","59240","1528","102000","1062","134455","12209982",9,"677dc8b2a9160d395ca7e008","5.59","10.06","9.18","15.29","15.33","13.81","15.42","19.61","25.29","22.60","21.82","17.20","15.23","19.65","25.13","10.58",1,1,1,1,1,1,1,0,1,0,0,1,0,1,0,0
"60","821","102","1209","5917","4906","11240","930","16100","0","0","0","2370000","462","92575","0",11,"67e1da8a432675c0e850e8d1","4.54","12.08","13.27","14.52","18.14","14.25","15.66","16.43","16.54","30.00","30.00","30.00","27.87","17.46","20.90","30.00",1,1,1,1,1,1,1,1,1,0,0,0,1,0,1,0
"60","821","102","1209","5917","4906","11240","0","161000","100034113","563240","0","1587000","0","0","0",8,"59dc4083ae9f950001d83b4b","4.88","16.47","22.70","11.62","21.51","27.00","24.36","28.61","25.57","26.41","28.40","18.39","18.81","28.17","30.00","13.98",1,1,1,1,1,1,1,0,0,0,1,0,0,0,0,0
"60","931","102","1269","6940","6296","12000","1046","16100","100045093","60230","12345","1587000","1394","93000","10394382",3,"62cc4627b5f80e3f1419b735",NA,NA,NA,NA,NA,NA,NA,NA,NA,NA,NA,NA,NA,NA,NA,NA,1,0,1,0,0,0,0,0,1,0,0,0,0,0,0,0
"60","821","122","1209","0","4906","11240","930","15700","0","0","1245","10200000","945","0","0",6,"67e79b8eb309a37a7c53d3d3","4.89","15.26","27.17","14.27","30.00","26.59","26.73","24.29","26.74","30.00","30.00","14.10","24.38","18.49","30.00","30.00",1,1,0,1,0,1,1,1,0,0,0,0,0,0,0,0
"60","811","102","0","5917","4906","11400","933","16100","100035113","563240","1600","2370000","1300","0","0",8,"63d176dbaef5e7827cd86954","3.81","9.10","14.39","30.00","21.67","12.29","25.87","21.17","23.65","29.21","20.14","27.01","20.70","23.63","30.00","30.00",1,0,1,0,1,1,0,0,1,1,1,0,1,0,0,0
"60","811","102","1209","0","4906","0","0","0","0","0","0","0","0","0","0",4,"675c6db4887ccdd0d3d15534","8.51","15.15","28.44","26.57","30.00","26.64","30.00","30.00","30.00","30.00","30.00","30.00","30.00","30.00","30.00","30.00",1,0,1,1,0,1,0,0,0,0,0,0,0,0,0,0
"60","721","122","0","5717","4906","11240","930","0","100035113","0","0","102000","0","0","0",5,"67d477f5ee48cd5a2badeeb0","8.03","14.83","20.68","30.00","28.77","22.69","28.94","20.49","30.00","20.88","30.00","30.00","19.36","30.00","30.00","30.00",1,0,0,0,0,1,1,1,0,1,0,0,0,0,0,0
"60","821","103","1209","5917","4806","1130","1000","16100","10003115","66320","1419","19200","1000","91820","9464312",5,"67197894611a27c0434adff7","3.10","19.40","25.27","13.26","12.20","21.83","16.04","17.59","15.13","24.59","28.03","17.42","23.18","8.88","11.50","20.11",1,1,0,1,1,0,0,0,1,0,0,0,0,0,0,0
"60","821","102","1209","5907","4906","0","1652","16000","100035113","0","0","1587000","0","0","0",6,"6647949ff2f8fd28623c8f12","5.89","17.27","16.64","17.35","24.73","24.96","30.00","15.62","12.26","19.95","30.00","30.00","17.25","30.00","30.00","30.00",1,1,1,1,0,1,0,0,0,1,0,0,0,0,0,0
"60","821","102","689","5917","4906","11240","930","0","100035113","563240","1528","2370000","1063","92305","10000000",11,"558823c2fdf99b318cb4224b","2.60","8.63","5.21","11.65","16.86","8.76","27.85","8.57","30.00","20.04","15.07","28.73","16.34","20.38","15.56","18.62",1,1,1,0,1,1,1,1,0,1,1,1,1,0,0,0
"60","821","102","1209","5917","0","11240","930","16100","100035113","563240","0","2370000","0","0","0",11,"6430c599f0887cb443f8da9a","3.19","13.45","8.04","8.53","19.95","8.83","21.96","11.91","10.27","22.01","11.53","3.67","21.42","20.14","3.50","2.92",1,1,1,1,1,0,1,1,1,1,1,0,1,0,0,0
"60","821","102","0","0","0","0","930","0","0","0","0","0","0","0","0",4,"65bd2b79e79a2385ead521b5","6.24","17.90","24.11","30.00","30.00","30.00","30.00","27.67","30.00","30.00","30.00","30.00","30.00","30.00","30.00","30.00",1,1,1,0,0,0,0,1,0,0,0,0,0,0,0,0
"60","821","764","1209","5927","4306","11350","0","0","100035113","0","1598","11230000","1246","0","0",4,"672031368b5071ee67b5f023","2.05","19.48","11.51","11.58","13.73","17.57","14.69","30.00","30.00","17.20","30.00","25.34","30.00","8.10","30.00","30.00",1,1,0,1,0,0,0,0,0,1,0,0,0,0,0,0
"60","821","102","1209","5917","4906","11240","930","16100","100035113","0","0","2300000","0","0","0",10,"630a8feaa8eef385f72dc1a5","3.36","15.03","20.48","12.38","22.34","22.22","28.52","29.26","14.39","25.29","30.00","30.00","26.68","30.00","30.00","30.00",1,1,1,1,1,1,1,1,1,1,0,0,0,0,0,0
"60","821","102","1209","5917","4906","11240","930","16100","10005113","563240","1528","2370000","1062","92575","11073306",13,"671fb7534780312b6355a4c1","3.97","8.75","9.63","10.15","18.10","11.98","15.68","12.50","14.16","19.54","18.27","15.72","22.93","15.50","19.43","26.49",1,1,1,1,1,1,1,1,1,0,1,1,1,1,1,0
"60","821","0","11609","3345","38826","11234","1000","16234","0","667500","12354","10000","1245","11500","20045675",2,"663a8a591f436a85bb4d90c2","7.51","18.04","30.00","29.71","16.25","26.97","18.83","21.58","22.65","30.00","22.03","17.34","25.09","23.53","18.07","24.58",1,1,0,0,0,0,0,0,0,0,0,0,0,0,0,0
"60","821","102","1209","5917","4906","11240","930","16100","0","563240","1528","0","1062","92575","0",12,"607a7b7d300ce256f51706bd","4.79","12.73","13.91","13.20","26.31","14.31","27.18","12.89","14.70","30.00","17.07","23.00","30.00","27.08","27.31","30.00",1,1,1,1,1,1,1,1,1,0,1,1,0,1,1,0
"60","821","102","1209","5917","4906","0","930","16100","100035113","563240","0","0","0","0","0",10,"644b1e452a0061d713dcbf4a","4.58","12.31","12.27","21.71","27.66","24.35","30.00","29.04","17.35","21.87","16.14","30.00","30.00","30.00","30.00","30.00",1,1,1,1,1,1,0,1,1,1,1,0,0,0,0,0
"60","821","102","1209","5917","4906","11240","930","16100","100035113","0","1528","2370000","1062","92575","0",13,"65d9f7d2bd4d3cddb74feb06","3.65","8.78","10.72","14.48","17.48","15.75","18.16","9.31","15.63","27.40","30.00","20.85","28.70","17.64","25.34","30.00",1,1,1,1,1,1,1,1,1,1,0,1,1,1,1,0
"60","821","99","1201","5917","5683","11356","1033","16100","100534654","58643","0","2000542","1300","99854","100065789",4,"66bb8f069b5f440e783d848e","5.12","12.75","26.23","10.61","13.99","12.28","9.87","17.18","17.65","7.57","15.38","30.00","24.20","12.73","17.78","16.27",1,1,0,0,1,0,0,0,1,0,0,0,0,0,0,0
"60","821","102","1209","5917","4906","11240","930","16100","100035113","563240","1526","2270000","0","0","0",11,"5f8b90a4b237f91824a88aeb","5.77","12.07","14.67","10.61","24.81","12.66","14.30","20.30","20.16","24.65","15.68","28.13","28.99","30.00","30.00","30.00",1,1,1,1,1,1,1,1,1,1,1,0,0,0,0,0
"60","821","102","1209","5917","4906","0","930","16100","0","563240","1528","2370000","0","0","0",11,"62b9bd2b93657665bf0fc91d","3.02","9.88","9.37","14.03","26.30","20.79","30.00","16.80","14.16","30.00","27.47","27.18","27.53","30.00","30.00","30.00",1,1,1,1,1,1,0,1,1,0,1,1,1,0,0,0
"60","821","102","0","0","0","0","0","0","0","0","0","1020000","0","0","0",3,"668dc78c1b388adf48d7f329","12.35","20.63","18.06","30.00","30.00","30.00","30.00","30.00","30.00","30.00","30.00","30.00","26.37","30.00","30.00","30.00",1,1,1,0,0,0,0,0,0,0,0,0,0,0,0,0
"60","821","82","1109","5917","4906","0","0","0","0","0","0","0","0","0","0",4,"63e5242d0f2f6cbb94a848d8","4.62","19.08","13.12","15.38","26.91","19.80","30.00","30.00","30.00","30.00","30.00","4.47","30.00","7.29","5.84","3.83",1,1,0,0,1,1,0,0,0,0,0,0,0,0,0,0
"60","821","110","1209","5917","4826","0","1300","35000","100035103","563240","1424","15870000","0","0","0",5,"5f3153a6180dcf0d8dd72a45","2.54","16.36","14.44","12.37","19.28","19.82","30.00","20.27","15.81","20.14","23.79","21.73","19.47","30.00","30.00","30.00",1,1,0,1,1,0,0,0,0,0,1,0,0,0,0,0
"60","821","102","1209","5917","4906","11240","930","16100","100035113","563240","1528","2370000","1032","92575","0",14,"668b9ef3f88084c4945bc24d","5.44","9.77","13.36","10.62","16.27","12.87","13.03","14.57","15.82","16.82","19.21","20.65","27.07","27.38","21.02","30.00",1,1,1,1,1,1,1,1,1,1,1,1,1,0,1,0
"60","821","102","1209","5917","4806","11240","0","16100","100035113","563240","0","234000","0","0","0",9,"62df4a06387d284d36055b04","7.49","12.96","14.95","13.88","22.23","26.46","19.51","30.00","15.95","28.93","15.42","30.00","27.97","30.00","30.00","30.00",1,1,1,1,1,0,1,0,1,1,1,0,0,0,0,0
"60","821","102","1209","5917","11506","11240","930","16100","0","563240","1528","0","1062","92575","0",11,"67d384729cfcada6f4f573de","7.14","18.04","13.40","13.41","18.51","21.73","21.84","21.73","17.04","30.00","20.40","21.54","30.00","25.45","25.13","30.00",1,1,1,1,1,0,1,1,1,0,1,1,0,1,1,0
"60","521","112","1209","5917","4906","11240","930","16100","10035113","59240","1528","2370000","900","94000","1500000",9,"5d951ede9b6f880018f63b6e","2.24","11.46","16.26","13.53","27.20","13.56","8.69","15.13","18.47","22.51","13.87","12.98","23.83","29.86","19.39","20.10",1,0,0,1,1,1,1,1,1,0,0,1,1,0,0,0
"60","831","72","1209","5917","4906","11240","920","16021","10035113","563240","0","102000","0","0","0",6,"5788cc99c9abeb0001af20a7","3.61","10.97","13.15","8.65","22.68","20.00","15.96","11.93","18.51","26.86","12.72","30.00","12.28","30.00","30.00","30.00",1,0,0,1,1,1,1,0,0,0,1,0,0,0,0,0
"60","821","202","1209","5917","4906","11240","930","24800","0","563240","1528","1020000","1062","92575","0",10,"67f3147d939ee392b2741fb5","5.15","10.58","14.00","13.48","20.28","22.11","20.49","16.98","15.94","30.00","9.11","19.61","14.70","20.54","22.22","30.00",1,1,0,1,1,1,1,1,0,0,1,1,0,1,1,0
"60","821","102","1209","5917","4906","0","930","16100","100035113","563240","6215","2370000","1003","91354","0",11,"67461d4d0e1f14c52691668e","3.73","10.97","16.53","10.66","19.20","25.42","30.00","15.21","9.16","20.76","22.55","24.72","19.66","28.95","27.73","6.32",1,1,1,1,1,1,0,1,1,1,1,0,1,0,0,0
"60","821","102","1209","5917","4906","11230","930","16100","100035113","563240","0","2370000","0","92380","0",11,"6045a1851d1ba76f144dd6da","3.09","10.40","12.20","10.10","15.38","19.46","18.58","18.98","11.84","19.24","13.73","4.38","18.52","3.14","12.67","7.68",1,1,1,1,1,1,0,1,1,1,1,0,1,0,0,0
"60","821","102","1209","5917","4906","0","930","21400","100035113","563240","0","0","0","0","0",9,"5eace152e25d6800091dd418","4.62","10.07","22.58","18.48","21.50","22.01","30.00","26.18","24.27","24.12","19.25","30.00","30.00","30.00","30.00","30.00",1,1,1,1,1,1,0,1,0,1,1,0,0,0,0,0
"60","821","102","1209","5971","4906","11240","930","0","100035113","563240","0","0","0","0","0",9,"67e830bb6eaebc236b9cd37e","10.69","23.63","20.02","14.33","17.35","24.80","15.50","15.19","30.00","26.10","21.58","30.00","30.00","30.00","30.00","30.00",1,1,1,1,0,1,1,1,0,1,1,0,0,0,0,0
"60","821","102","1209","5917","0","11230","930","19100","0","0","1828","1587000","0","0","0",6,"5b757a03976ecb0001b1168f","3.36","18.14","19.91","16.00","22.65","30.00","21.64","29.33","24.93","30.00","30.00","28.36","15.36","30.00","30.00","30.00",1,1,1,1,1,0,0,1,0,0,0,0,0,0,0,0
