Submission id,Participant id,Status,Custom study tncs accepted at,Started at,Completed at,Reviewed at,Archived at,Time taken,Completion code,Total approvals,Age,Sex,Ethnicity simplified,Country of birth,Country of residence,Nationality,Language,Student status,Employment status
68712cd07454d9afbac7a16d,66e9cc5fb04f5ba6d8b5a3f1,APPROVED,Not Applicable,2025-07-11T15:26:08.214000Z,2025-07-11T15:37:59.779000Z,2025-07-11T18:17:45.255000Z,2025-07-11T15:38:00.228360Z,712.0,C16TQU91,2552,64,Male,White,United States,United States,United States,English,No,"Not in paid work (e.g. homemaker', 'retired or disabled)"
68712ce3f6e87a790f1ae469,561bbdf9811d22000df3138a,APPROVED,Not Applicable,2025-07-11T15:25:28.775000Z,2025-07-11T15:40:15.258000Z,2025-07-11T18:17:45.503000Z,2025-07-11T15:40:15.697545Z,887.0,C16TQU91,10678,41,Male,White,United States,United States,United States,English,DATA_EXPIRED,DATA_EXPIRED
68712ced7b4610abdd9b25c7,6630fa3cace5d440fe152f91,RETURNED,Not Applicable,2025-07-11T15:25:42.804000Z,,,2025-12-17T15:11:49.264532Z,,,1757,CONSENT_REVOKED,CONSENT_REVOKED,CONSENT_REVOKED,CONSENT_REVOKED,CONSENT_REVOKED,CONSENT_REVOKED,CONSENT_REVOKED,CONSENT_REVOKED,CONSENT_REVOKED
68712d947d2b9a79199a697b,63b772f79d1c57ef22409e28,APPROVED,Not Applicable,2025-07-11T15:28:29.457000Z,2025-07-11T15:41:47.611000Z,2025-07-11T18:17:45.769000Z,2025-07-11T15:41:48.097946Z,799.0,C16TQU91,1137,39,Female,Mixed,United States,United States,United States,English,DATA_EXPIRED,Full-Time
68712e1f788ac34c50e21987,67b79f603be3fd7ed3889909,APPROVED,Not Applicable,2025-07-11T15:30:42.852000Z,2025-07-11T15:41:14.739000Z,2025-07-11T18:17:46.036000Z,2025-07-11T15:41:15.233171Z,632.0,C16TQU91,290,20,Female,White,Colombia,United States,Colombia,English,No,"Not in paid work (e.g. homemaker', 'retired or disabled)"
68712e642b8c87e91be23a88,654c3b4d5a50df498c551b64,APPROVED,Not Applicable,2025-07-11T15:32:01.511000Z,2025-07-11T15:42:52.536000Z,2025-07-11T18:17:46.310000Z,2025-07-11T15:42:53.017708Z,652.0,C16TQU91,523,51,Male,Mixed,United States,United States,United States,English,DATA_EXPIRED,Full-Time
68712f0bf407772eb74007f8,66d69d42515fac1f2273d10e,RETURNED,Not Applicable,2025-07-11T15:34:41.104000Z,,,2025-12-17T15:11:49.263970Z,,,1567,CONSENT_REVOKED,CONSENT_REVOKED,CONSENT_REVOKED,CONSENT_REVOKED,CONSENT_REVOKED,CONSENT_REVOKED,CONSENT_REVOKED,CONSENT_REVOKED,CONSENT_REVOKED
68712fb0cb191b745f2c97c9,67dbcd7722043bf1d1671b92,APPROVED,Not Applicable,2025-07-11T15:37:26.612000Z,2025-07-11T15:57:27.690000Z,2025-07-11T18:17:46.572000Z,2025-07-11T15:57:28.172938Z,1202.0,C16TQU91,1623,34,Male,White,United States,United States,United States,English,No,Full-Time
68712fd04f3e3ca930fbc8e3,604a7e9f84bf0e7937200df5,APPROVED,Not Applicable,2025-07-11T15:37:55.408000Z,2025-07-11T15:45:49.947000Z,2025-07-11T18:17:46.809000Z,2025-07-11T15:45:50.450245Z,475.0,C16TQU91,7278,31,Male,White,United States,United States,United States,English,DATA_EXPIRED,DATA_EXPIRED
6871302b6701385e1ae6820e,66df47a9c26ea6aa4a71fc0f,RETURNED,Not Applicable,2025-07-11T15:39:31.077000Z,,,2025-12-17T15:11:49.265453Z,,,2990,CONSENT_REVOKED,CONSENT_REVOKED,CONSENT_REVOKED,CONSENT_REVOKED,CONSENT_REVOKED,CONSENT_REVOKED,CONSENT_REVOKED,CONSENT_REVOKED,CONSENT_REVOKED
687130a20ca6898439e1258c,614e2446523bb49af662fb62,APPROVED,Not Applicable,2025-07-11T15:41:25.115000Z,2025-07-11T15:49:42.716000Z,2025-07-11T18:17:47.048000Z,2025-07-11T15:49:44.103138Z,498.0,C16TQU91,5302,32,Male,White,United States,United States,United States,English,No,Full-Time
687130b36367ed6ecab0ca72,5ee04a3f7dfcae39390e6553,RETURNED,Not Applicable,2025-07-11T15:41:45.360000Z,,,2025-12-17T15:11:49.265599Z,,,5403,CONSENT_REVOKED,CONSENT_REVOKED,CONSENT_REVOKED,CONSENT_REVOKED,CONSENT_REVOKED,CONSENT_REVOKED,CONSENT_REVOKED,CONSENT_REVOKED,CONSENT_REVOKED
687131baec65882c99d4533b,6682b0b622da87763c14179c,APPROVED,Not Applicable,2025-07-11T15:46:09.252000Z,2025-07-11T15:57:22.169000Z,2025-07-11T18:17:47.350000Z,2025-07-11T15:57:22.628859Z,673.0,C16TQU91,1952,53,Female,White,United States,United States,United States,English,DATA_EXPIRED,DATA_EXPIRED
687131f76b6de499daf3ed8d,5c6b646349b7f0000120b659,APPROVED,Not Applicable,2025-07-11T15:47:07.514000Z,2025-07-11T16:00:34.817000Z,2025-07-11T18:17:47.584000Z,2025-07-11T16:00:35.225756Z,808.0,C16TQU91,4030,69,Female,White,United States Minor Outlying Islands,United States,United States,English,No,Part-Time
68713327fa0897b82eda37c3,671934d775824411ab318539,APPROVED,Not Applicable,2025-07-11T15:52:11.224000Z,2025-07-11T16:00:47.920000Z,2025-07-11T18:17:47.824000Z,2025-07-11T16:00:48.345582Z,517.0,C16TQU91,193,46,Female,White,United States,United States,United States,English,Yes,DATA_EXPIRED
687133291405b3dbd408cb8e,5e0b416415ef4038dba6d93f,APPROVED,Not Applicable,2025-07-11T15:52:18.308000Z,2025-07-11T16:01:57.534000Z,2025-07-11T18:17:48.122000Z,2025-07-11T16:01:57.975890Z,580.0,C16TQU91,1278,45,Female,White,United States,United States,United States,English,DATA_EXPIRED,DATA_EXPIRED
6871332aeb28bf71b44078ba,60cb3c4b9454f7a196355088,APPROVED,Not Applicable,2025-07-11T15:52:17.044000Z,2025-07-11T16:01:48.304000Z,2025-07-11T18:17:48.361000Z,2025-07-11T16:01:48.777730Z,572.0,C16TQU91,5888,38,Male,Black,United States,United States,United States,English,DATA_EXPIRED,DATA_EXPIRED
6871332b441bec29cf95d3e3,5c3b70640eaa0100018ea877,APPROVED,Not Applicable,2025-07-11T15:52:16.041000Z,2025-07-11T16:02:09.582000Z,2025-07-11T18:17:48.596000Z,2025-07-11T16:02:10.634872Z,594.0,C16TQU91,9987,60,Male,White,United States,United States,United States,English,No,Part-Time
6871332ca6b5ccf94abc5a50,67b9dca816c05c8ab44e4404,APPROVED,Not Applicable,2025-07-11T15:55:01.093000Z,2025-07-11T16:02:25.288000Z,2025-07-11T18:17:48.822000Z,2025-07-11T16:02:25.730145Z,445.0,C16TQU91,510,35,Male,Black,United States,United States,United States,English,DATA_EXPIRED,Full-Time
6871332cf46fa881e05e7232,6644f37947ff3c7c3f9bbca1,APPROVED,Not Applicable,2025-07-11T15:52:30.190000Z,2025-07-11T15:57:51.528000Z,2025-07-11T18:17:49.045000Z,2025-07-11T15:57:52.015382Z,322.0,C16TQU91,1250,32,Female,White,United States,United States,United States,English,DATA_EXPIRED,DATA_EXPIRED
6871332dc153e874a7218a4c,5ef4d8b87faaa00c0dea0c4e,APPROVED,Not Applicable,2025-07-11T15:54:59.588000Z,2025-07-11T16:12:39.261000Z,2025-07-11T18:17:49.267000Z,2025-07-11T16:12:39.670683Z,1060.0,C16TQU91,9730,59,Female,White,United States,United States,United States,English,No,DATA_EXPIRED
6871332e1bf135a7282f2486,65c1501098be0f409188762f,TIMED-OUT,Not Applicable,2025-07-11T15:54:01.692000Z,,,2025-12-17T15:11:49.267159Z,13735068.0,,3653,34,Female,Black,United States,United States,United States,English,DATA_EXPIRED,DATA_EXPIRED
6871332f35038dde57021389,67acd4bb175b263fb4a92c4d,APPROVED,Not Applicable,2025-07-11T15:52:23.044000Z,2025-07-11T16:07:25.242000Z,2025-07-11T18:17:49.505000Z,2025-07-11T16:07:25.720848Z,903.0,C16TQU91,1433,34,Male,Black,United States,United States,United States,English,No,DATA_EXPIRED
687133303c39ce57dae2879d,67348c5f2fd2234d5e8f7d58,APPROVED,Not Applicable,2025-07-11T15:52:23.797000Z,2025-07-11T16:06:42.584000Z,2025-07-11T18:17:49.778000Z,2025-07-11T16:06:43.091854Z,859.0,C16TQU91,1020,51,Female,White,United States,United States,United States,English,DATA_EXPIRED,DATA_EXPIRED
68713330a19185c135113a03,674e450b1a4a8e2d4e8d7e7c,APPROVED,Not Applicable,2025-07-11T15:52:19.989000Z,2025-07-11T16:08:00.946000Z,2025-07-11T18:17:50.028000Z,2025-07-11T16:08:01.457981Z,941.0,C16TQU91,1354,49,Male,Asian,United States,United States,United States,English,DATA_EXPIRED,DATA_EXPIRED
687133310cfae86e42d014ea,5c0f500787e876000151fc5f,APPROVED,Not Applicable,2025-07-11T15:52:17.671000Z,2025-07-11T16:03:25.408000Z,2025-07-11T18:17:50.284000Z,2025-07-11T16:03:25.837314Z,668.0,C16TQU91,5722,45,Male,White,United States,United States,United States,English,DATA_EXPIRED,DATA_EXPIRED
687133318b3f45ca2dfdad94,66266b2132fdc1414ff343f7,APPROVED,Not Applicable,2025-07-11T15:52:21.435000Z,2025-07-11T16:03:50.289000Z,2025-07-11T18:17:50.512000Z,2025-07-11T16:03:50.756244Z,689.0,C16TQU91,1749,24,Female,White,United States,United States,United States,English,DATA_EXPIRED,DATA_EXPIRED
687133329eeae56f6d012b6d,5e9f3f09ccc75a0c345e4845,APPROVED,Not Applicable,2025-07-11T15:52:22.072000Z,2025-07-11T15:59:02.130000Z,2025-07-11T18:17:50.758000Z,2025-07-11T15:59:02.549764Z,401.0,C16TQU91,10918,66,Female,White,United States,United States,United States,English,No,Part-Time
68713332d19fc165fadd9308,60fdbb289d3a6f27ebd32f67,APPROVED,Not Applicable,2025-07-11T15:52:32.414000Z,2025-07-11T16:04:41.974000Z,2025-07-11T18:17:50.997000Z,2025-07-11T16:04:42.449342Z,730.0,C16TQU91,2737,63,Female,Black,United States,United States,United States,English,DATA_EXPIRED,DATA_EXPIRED
68713332e352c02696e09682,67f12c8335d274cad7a660ed,APPROVED,Not Applicable,2025-07-11T15:52:25.780000Z,2025-07-11T16:04:03.912000Z,2025-07-11T18:17:51.264000Z,2025-07-11T16:04:04.330772Z,699.0,C16TQU91,668,40,Female,White,United States,United States,United States,English,No,Full-Time
687133334883589fe793f44c,672d1c12bb3b79252d8a1428,APPROVED,Not Applicable,2025-07-11T15:52:21.310000Z,2025-07-11T16:00:09.530000Z,2025-07-11T18:17:51.548000Z,2025-07-11T16:00:10.118206Z,469.0,C16TQU91,1376,33,Female,White,United States,United States,United States,English,DATA_EXPIRED,Full-Time
68713333c9fdda5dd30a7395,5753046ba6deb50006d64b0f,APPROVED,Not Applicable,2025-07-11T15:52:24.824000Z,2025-07-11T16:00:11.735000Z,2025-07-11T18:17:51.935000Z,2025-07-11T16:00:12.277433Z,467.0,C16TQU91,2754,58,Male,White,United States,United States,United States,English,No,Part-Time
68713333fef92d3fdfd8a8f0,65cc29fcdfeb09215a6c5310,APPROVED,Not Applicable,2025-07-11T15:52:22.472000Z,2025-07-11T16:00:38.089000Z,2025-07-11T18:17:52.416000Z,2025-07-11T16:00:38.496088Z,496.0,C16TQU91,1638,23,Female,Asian,United States,United States,United States,English,DATA_EXPIRED,Full-Time
68713334bec09b2d0dcc573c,5cb67a7ab73e8a001507fae5,APPROVED,Not Applicable,2025-07-11T15:52:24.487000Z,2025-07-11T16:02:23.137000Z,2025-07-11T18:17:52.746000Z,2025-07-11T16:02:23.597299Z,599.0,C16TQU91,10146,55,Male,White,United States,United States,United States,English,No,Full-Time
68713334d4edd8006e229909,58f0fca0d40252000192f201,APPROVED,Not Applicable,2025-07-11T15:52:23.984000Z,2025-07-11T16:05:19.209000Z,2025-07-11T18:17:53.002000Z,2025-07-11T16:05:19.685645Z,776.0,C16TQU91,17924,44,Male,White,United States,United States,United States,English,No,Full-Time
68713334d5725fb3899b33ee,60fd6618f9a377f54dcdf318,APPROVED,Not Applicable,2025-07-11T15:52:24.271000Z,2025-07-11T15:59:55.366000Z,2025-07-11T18:17:53.224000Z,2025-07-11T15:59:55.815390Z,452.0,C16TQU91,12900,39,Male,Mixed,United States,United States,United States,English,Yes,Full-Time
6871333514466fbea4f0a916,677168d70ec2f9f7f9f6ac05,APPROVED,Not Applicable,2025-07-11T15:52:25.502000Z,2025-07-11T16:03:01.563000Z,2025-07-11T18:17:53.461000Z,2025-07-11T16:03:02.133189Z,637.0,C16TQU91,1297,73,Male,White,United States,United States,United States,English,DATA_EXPIRED,DATA_EXPIRED
6871333544e2467d02d77290,674f42796e06f90984a02e87,APPROVED,Not Applicable,2025-07-11T15:52:29.439000Z,2025-07-11T16:02:26.943000Z,2025-07-11T18:17:53.718000Z,2025-07-11T16:02:27.390457Z,598.0,C16TQU91,141,24,Male,Asian,Nepal,United States,Nepal,English,DATA_EXPIRED,DATA_EXPIRED
68713335990929de58136d09,665722639f7a09a8815bf198,APPROVED,Not Applicable,2025-07-11T15:52:36.094000Z,2025-07-11T16:04:59.431000Z,2025-07-11T18:17:54.612000Z,2025-07-11T16:04:59.923068Z,744.0,C16TQU91,1221,45,Female,White,United States,United States,United States,English,No,Full-Time
687133359e78fcc623663b39,5debed6b3820732ef2af3c55,APPROVED,Not Applicable,2025-07-11T15:52:24.898000Z,2025-07-11T16:02:06.528000Z,2025-07-11T18:17:54.916000Z,2025-07-11T16:02:06.950483Z,582.0,C16TQU91,1789,29,Male,White,United States,United States,United States,English,DATA_EXPIRED,DATA_EXPIRED
687133364fc63f22f1a01e96,610df498456dbaeef682c7ca,APPROVED,Not Applicable,2025-07-11T15:52:52.071000Z,2025-07-11T15:59:30.762000Z,2025-07-11T18:17:55.171000Z,2025-07-11T15:59:31.226002Z,399.0,C16TQU91,2014,24,Male,Asian,United States,United States,United States,English,DATA_EXPIRED,Unemployed (and job seeking)
687133367454d9afbac7a37f,67aced4b25f62493088645b8,APPROVED,Not Applicable,2025-07-11T15:52:26.756000Z,2025-07-11T16:00:57.417000Z,2025-07-11T18:17:55.419000Z,2025-07-11T16:00:57.896318Z,511.0,C16TQU91,1225,33,Female,White,United States,United States,United States,English,No,Full-Time
68713337a19185c135113a0b,5ebdc5809a676b105238713c,RETURNED,Not Applicable,2025-07-11T15:54:01.050000Z,,,2025-12-17T15:11:49.267198Z,,,3174,CONSENT_REVOKED,CONSENT_REVOKED,CONSENT_REVOKED,CONSENT_REVOKED,CONSENT_REVOKED,CONSENT_REVOKED,CONSENT_REVOKED,CONSENT_REVOKED,CONSENT_REVOKED
68713337a6b5ccf94abc5a54,6369700320bc7dd22e733009,APPROVED,Not Applicable,2025-07-11T15:52:28.007000Z,2025-07-11T16:03:40.370000Z,2025-07-11T18:17:55.687000Z,2025-07-11T16:03:40.857459Z,673.0,C16TQU91,5806,66,Female,White,United States,United States,United States,English,No,"Not in paid work (e.g. homemaker', 'retired or disabled)"
68713337e76e51a0af551fea,5b21c4ab31d0080001b9f55e,APPROVED,Not Applicable,2025-07-11T15:52:34.495000Z,2025-07-11T16:02:26.478000Z,2025-07-11T18:17:55.999000Z,2025-07-11T16:02:26.954069Z,592.0,C16TQU91,7937,29,Female,White,United States,United States,United States,English,No,DATA_EXPIRED
6871333823341984746d338c,67880f3fcfe89c43f375f668,APPROVED,Not Applicable,2025-07-11T15:52:28.852000Z,2025-07-11T15:57:19.964000Z,2025-07-11T18:17:56.227000Z,2025-07-11T15:57:20.383778Z,292.0,C16TQU91,171,24,Male,White,United States,United States,United States,English,No,Part-Time
68713338a3e2dac3977796d8,66a1890dffb8f7cda63dfe7b,APPROVED,Not Applicable,2025-07-11T15:52:27.899000Z,2025-07-11T16:00:40.386000Z,2025-07-11T18:17:56.452000Z,2025-07-11T16:00:40.835398Z,493.0,C16TQU91,535,25,Female,White,United States,United States,United States,English,No,Full-Time
68713338c31f8ea0ac384fbc,632dd45fb49858b31338c11c,APPROVED,Not Applicable,2025-07-11T15:52:27.986000Z,2025-07-11T16:02:24.229000Z,2025-07-11T18:17:56.720000Z,2025-07-11T16:02:24.694737Z,597.0,C16TQU91,7115,43,Male,White,United States,United States,United States,English,No,Full-Time
687133390d71d92c4f52279d,57f08d467f43070001c3a606,APPROVED,Not Applicable,2025-07-11T15:52:29.077000Z,2025-07-11T16:03:31.155000Z,2025-07-11T18:17:56.966000Z,2025-07-11T16:03:31.623655Z,663.0,C16TQU91,2976,42,Male,White,Turkey,United States,Turkey,English,No,Full-Time
68713339c940541686e6a458,6733e5e2a104a80184bf6358,APPROVED,Not Applicable,2025-07-11T15:52:30.701000Z,2025-07-11T16:04:42.889000Z,2025-07-11T18:17:57.216000Z,2025-07-11T16:04:43.324137Z,733.0,C16TQU91,379,40,Male,Mixed,United States,United States,United States,English,DATA_EXPIRED,Part-Time
68713339ced9500438e431df,67acf597c56cf9f78737f372,APPROVED,Not Applicable,2025-07-11T15:52:30.258000Z,2025-07-11T15:59:50.765000Z,2025-07-11T18:17:57.526000Z,2025-07-11T15:59:51.382326Z,441.0,C16TQU91,925,20,Female,Mixed,United States,United States,United States,English,No,Unemployed (and job seeking)
6871333a23d027e6d884149d,67d477f5ee48cd5a2badeeb0,APPROVED,Not Applicable,2025-07-11T15:59:03.386000Z,2025-07-11T16:17:42.783000Z,2025-07-11T18:17:57.793000Z,2025-07-11T16:17:43.272304Z,1120.0,C16TQU91,649,51,Male,White,United States,United States,United States,English,DATA_EXPIRED,DATA_EXPIRED
6871333a515fc55b8ac44245,5a4ff86beedc32000141f232,APPROVED,Not Applicable,2025-07-11T15:52:33.783000Z,2025-07-11T16:06:36.748000Z,2025-07-11T18:17:58.037000Z,2025-07-11T16:06:37.234680Z,843.0,C16TQU91,3292,47,Female,White,United States,United States,United States,English,No,Full-Time
6871333b4daea7e7a56ee69d,664ea702fbdc6c41eb8ee937,APPROVED,Not Applicable,2025-07-11T15:54:33.622000Z,2025-07-11T16:10:15.112000Z,2025-07-11T18:17:58.242000Z,2025-07-11T16:10:15.540584Z,942.0,C16TQU91,2018,44,Male,Asian,Philippines,United States,United States,English,No,Full-Time
6871333b8ad3c0dd36b635fc,664e2d4a26686cecdfd660eb,APPROVED,Not Applicable,2025-07-11T15:52:36.735000Z,2025-07-11T16:01:36.348000Z,2025-07-11T18:17:58.455000Z,2025-07-11T16:01:36.813262Z,540.0,C16TQU91,1730,28,Male,White,United States,United States,United States,English,DATA_EXPIRED,DATA_EXPIRED
6871333c0973170834ab9ef3,677be0f071b469bf550bf55f,APPROVED,Not Applicable,2025-07-11T15:52:33.375000Z,2025-07-11T15:59:44.809000Z,2025-07-11T18:17:58.692000Z,2025-07-11T15:59:45.297995Z,432.0,C16TQU91,782,58,Female,White,United States,United States,United States,English,DATA_EXPIRED,DATA_EXPIRED
6871333c0a791966dd233c9f,5ed1adc2906e0810d6ccccbf,APPROVED,Not Applicable,2025-07-11T15:52:32.033000Z,2025-07-11T16:11:12.383000Z,2025-07-11T18:17:58.986000Z,2025-07-11T16:11:12.789454Z,1121.0,C16TQU91,4631,24,Male,Black,United States,United States,United States,English,No,Full-Time
6871333d984040a28fe4f42f,641386b1cb9a9c1e3569d4ee,APPROVED,Not Applicable,2025-07-11T15:52:32.678000Z,2025-07-11T15:57:57.834000Z,2025-07-11T18:17:59.245000Z,2025-07-11T15:57:58.267818Z,326.0,C16TQU91,5065,53,Female,White,United States,United States,United States,English,DATA_EXPIRED,DATA_EXPIRED
6871333d9f1d0ea2f1828de5,636da58a0d76bbb9167dbf3e,APPROVED,Not Applicable,2025-07-11T15:53:00.538000Z,2025-07-11T16:09:10.770000Z,2025-07-11T18:17:59.476000Z,2025-07-11T16:09:11.240257Z,971.0,C16TQU91,6148,63,Female,White,United States,United States,United States,English,DATA_EXPIRED,DATA_EXPIRED
6871333e6c7a288c56185cb6,6681a790567ed4edc86ca4a4,APPROVED,Not Applicable,2025-07-11T15:52:35.376000Z,2025-07-11T16:02:01.773000Z,2025-07-11T18:17:59.708000Z,2025-07-11T16:02:02.194643Z,567.0,C16TQU91,725,49,Male,White,United States,United States,United States,English,No,"Not in paid work (e.g. homemaker', 'retired or disabled)"
6871333efff242583576c59e,5d0b7d3a1c9a4e001a11dd19,RETURNED,Not Applicable,2025-07-11T15:52:34.086000Z,,,2025-12-17T15:11:49.268549Z,,,4813,CONSENT_REVOKED,CONSENT_REVOKED,CONSENT_REVOKED,CONSENT_REVOKED,CONSENT_REVOKED,CONSENT_REVOKED,CONSENT_REVOKED,CONSENT_REVOKED,CONSENT_REVOKED
6871333f2a63816b6cbc5d79,66735e86343dec85410151d0,APPROVED,Not Applicable,2025-07-11T15:52:36.035000Z,2025-07-11T16:00:52.927000Z,2025-07-11T18:17:59.947000Z,2025-07-11T16:00:53.440071Z,497.0,C16TQU91,1555,41,Male,White,United States,United States,United States,English,Yes,Full-Time
6871333f46b017be4cb52645,673d23b251f56d0010aa50ee,APPROVED,Not Applicable,2025-07-11T15:52:40.680000Z,2025-07-11T16:04:31.654000Z,2025-07-11T18:18:00.190000Z,2025-07-11T16:04:32.087103Z,711.0,C16TQU91,2109,60,Male,White,United States,United States,United States,English,DATA_EXPIRED,Full-Time
6871333f54cbc37ee177dffd,675c6db4887ccdd0d3d15534,APPROVED,Not Applicable,2025-07-11T15:52:35.157000Z,2025-07-11T16:17:25.039000Z,2025-07-11T18:18:00.455000Z,2025-07-11T16:17:25.451011Z,1490.0,C16TQU91,1193,44,Female,Asian,Korea,United States,Korea,English,No,Full-Time
6871334031daa60c653388c6,5aca8e76a3ba7a0001b4d647,APPROVED,Not Applicable,2025-07-11T15:52:38.363000Z,2025-07-11T16:01:46.298000Z,2025-07-11T18:18:00.691000Z,2025-07-11T16:01:46.747761Z,548.0,C16TQU91,3272,34,DATA_EXPIRED,Other,United States,United States,United States,English,DATA_EXPIRED,DATA_EXPIRED
68713340ddfc155cd9f02964,668c3dcef7d254214fd01bf3,APPROVED,Not Applicable,2025-07-11T15:52:38.236000Z,2025-07-11T16:02:13.172000Z,2025-07-11T18:18:00.926000Z,2025-07-11T16:02:13.607938Z,575.0,C16TQU91,663,24,Female,White,United States,United States,United States,English,DATA_EXPIRED,Unemployed (and job seeking)
68713340f844dc4f50f3f28c,665fc8123159edac3b65bd62,APPROVED,Not Applicable,2025-07-11T15:52:35.949000Z,2025-07-11T16:01:10.483000Z,2025-07-11T18:18:01.169000Z,2025-07-11T16:01:10.948168Z,515.0,C16TQU91,555,19,Male,White,United States,United States,United States,English,No,Unemployed (and job seeking)
68713341c3c25de79ed98b00,5ced8f96a726ed0015d31452,APPROVED,Not Applicable,2025-07-11T15:52:36.637000Z,2025-07-11T16:02:25.607000Z,2025-07-11T18:18:01.373000Z,2025-07-11T16:02:26.029807Z,589.0,C16TQU91,9360,38,Male,White,United States,United States,United States,English,DATA_EXPIRED,Full-Time
68713341c65029df43e4fa67,66fc36e5fd0dba6207da546c,APPROVED,Not Applicable,2025-07-11T15:53:23.248000Z,2025-07-11T16:01:52.235000Z,2025-07-11T18:18:01.670000Z,2025-07-11T16:01:52.696726Z,509.0,C16TQU91,1348,44,Female,Asian,Philippines,United States,United States,English,DATA_EXPIRED,Full-Time
68713341d6b1829d59cd6b6b,648343299ec8050d10aee27d,APPROVED,Not Applicable,2025-07-11T15:52:39.005000Z,2025-07-11T16:04:32.348000Z,2025-07-11T18:18:01.897000Z,2025-07-11T16:04:32.803905Z,714.0,C16TQU91,4258,54,Female,White,United States,United States,United States,English,No,Unemployed (and job seeking)
68713342f8d61e266049d8e1,67104c7deff954cb22438402,APPROVED,Not Applicable,2025-07-11T15:52:54.475000Z,2025-07-11T16:02:28.185000Z,2025-07-11T18:18:02.126000Z,2025-07-11T16:02:28.649150Z,574.0,C16TQU91,2816,49,Female,White,United States,United States,United States,English,No,Other
68713343c153e874a7218a5b,665762fdab6df18f5032505b,APPROVED,Not Applicable,2025-07-11T15:52:44.797000Z,2025-07-11T16:04:22.852000Z,2025-07-11T18:18:02.345000Z,2025-07-11T16:04:23.331110Z,699.0,C16TQU91,1783,49,Female,Black,United States,United States,United States,English,No,Unemployed (and job seeking)
687133440e28c98b99b6ff03,5d9e7982996ad300179048fa,APPROVED,Not Applicable,2025-07-11T15:52:42.464000Z,2025-07-11T16:01:12.184000Z,2025-07-11T18:18:02.597000Z,2025-07-11T16:01:12.620720Z,510.0,C16TQU91,567,37,Female,DATA_EXPIRED,United States,United States,Mexico,English,DATA_EXPIRED,DATA_EXPIRED
687133448ad3c0dd36b63601,66bdf79c29a4dd71ff4de0d0,APPROVED,Not Applicable,2025-07-11T15:52:40.396000Z,2025-07-11T16:00:45.356000Z,2025-07-11T18:18:02.878000Z,2025-07-11T16:00:45.804207Z,485.0,C16TQU91,2182,30,Female,White,United States,United States,United States,English,No,Full-Time
68713344fcdd328734c6bfe2,5fc535c343622e000bc9f3c4,APPROVED,Not Applicable,2025-07-11T15:52:39.925000Z,2025-07-11T16:08:57.665000Z,2025-07-11T18:18:03.196000Z,2025-07-11T16:08:58.138286Z,978.0,C16TQU91,3075,32,Male,White,United States,United States,United Kingdom,English,DATA_EXPIRED,DATA_EXPIRED
6871334528529010c6ae2d1e,629aaa38fdfc8168501b930e,APPROVED,Not Applicable,2025-07-11T15:52:37.376000Z,2025-07-11T16:10:38.860000Z,2025-07-11T18:18:03.523000Z,2025-07-11T16:10:39.330598Z,1082.0,C16TQU91,4176,45,Male,White,United States,United States,United States,English,DATA_EXPIRED,DATA_EXPIRED
6871334542b1d45520701b03,67d09ba717ec412519ebf44b,APPROVED,Not Applicable,2025-07-11T15:52:42.544000Z,2025-07-11T16:01:20.926000Z,2025-07-11T18:18:03.793000Z,2025-07-11T16:01:21.366732Z,519.0,C16TQU91,1221,55,Female,White,United States,United States,United States,English,No,Full-Time
687133464d89a599eb6ee74c,5df3c82961b48a2907204173,APPROVED,Not Applicable,2025-07-11T15:52:47.417000Z,2025-07-11T16:06:18.038000Z,2025-07-11T18:18:04.044000Z,2025-07-11T16:06:18.505574Z,811.0,C16TQU91,8936,41,Male,White,United States,United States,United States,English,No,Full-Time
6871334659367f3674cb1674,6735456e8034ea7e61eac785,APPROVED,Not Applicable,2025-07-11T15:52:42.842000Z,2025-07-11T16:03:51.124000Z,2025-07-11T18:18:04.327000Z,2025-07-11T16:03:51.536163Z,669.0,C16TQU91,1055,28,Female,White,United States,United States,United States,English,No,"Not in paid work (e.g. homemaker', 'retired or disabled)"
687133467277be5e98215aa6,6630e36ad79d4c0051a4b2ee,APPROVED,Not Applicable,2025-07-11T15:52:46.817000Z,2025-07-11T16:07:30.081000Z,2025-07-11T18:18:04.565000Z,2025-07-11T16:07:30.612989Z,884.0,C16TQU91,2148,39,Female,Black,United States,United States,United States,English,No,Full-Time
687133469700d872310176ce,5cb5e6927a92c500015c0de1,APPROVED,Not Applicable,2025-07-11T15:52:42.847000Z,2025-07-11T16:08:16.683000Z,2025-07-11T18:18:04.787000Z,2025-07-11T16:08:17.335071Z,934.0,C16TQU91,4460,44,Female,White,United States,United States,Norway,English,Yes,Full-Time
6871334715ca6bfa1fe6a566,5484620efdf99b0379939c6a,RETURNED,Not Applicable,2025-07-11T15:52:46.695000Z,,,2025-12-17T15:11:49.270635Z,,,8312,CONSENT_REVOKED,CONSENT_REVOKED,CONSENT_REVOKED,CONSENT_REVOKED,CONSENT_REVOKED,CONSENT_REVOKED,CONSENT_REVOKED,CONSENT_REVOKED,CONSENT_REVOKED
68713347a9c0754e24331cdd,66c8abd9541bc2f6a6a7cc33,APPROVED,Not Applicable,2025-07-11T15:52:42.035000Z,2025-07-11T15:57:22.778000Z,2025-07-11T18:18:05.040000Z,2025-07-11T15:57:23.237019Z,281.0,C16TQU91,1070,39,Female,White,United States,United States,United States,English,DATA_EXPIRED,DATA_EXPIRED
68713347cba13f53bbdd1436,60bd28cc95ab27d4f4f6ada3,RETURNED,Not Applicable,2025-07-11T15:52:43.025000Z,,,2025-12-17T15:11:49.270642Z,,,11043,CONSENT_REVOKED,CONSENT_REVOKED,CONSENT_REVOKED,CONSENT_REVOKED,CONSENT_REVOKED,CONSENT_REVOKED,CONSENT_REVOKED,CONSENT_REVOKED,CONSENT_REVOKED
68713348056e372f45f0bba1,668adbfcb3549e7f656159c6,APPROVED,Not Applicable,2025-07-11T15:53:03.179000Z,2025-07-11T16:08:05.485000Z,2025-07-11T18:18:05.284000Z,2025-07-11T16:08:06.313429Z,903.0,C16TQU91,2951,26,Male,Asian,United States,United States,United States,English,No,Full-Time
6871334857af6e66611da8d0,67a692bc6cb5578e397df372,APPROVED,Not Applicable,2025-07-11T15:52:42.959000Z,2025-07-11T16:01:36.278000Z,2025-07-11T18:18:05.565000Z,2025-07-11T16:01:36.760880Z,534.0,C16TQU91,130,27,Female,White,United States,United States,United States,English,No,Part-Time
68713348f8cb4b9b8629e864,67619f40465fdf55ab1e8f93,RETURNED,Not Applicable,2025-07-11T15:53:02.606000Z,,,2025-12-17T15:11:49.273567Z,,,2142,CONSENT_REVOKED,CONSENT_REVOKED,CONSENT_REVOKED,CONSENT_REVOKED,CONSENT_REVOKED,CONSENT_REVOKED,CONSENT_REVOKED,CONSENT_REVOKED,CONSENT_REVOKED
687133491ddfaa739d944b4d,601e13b872774f263d64acac,APPROVED,Not Applicable,2025-07-11T15:52:45.654000Z,2025-07-11T16:01:12.718000Z,2025-07-11T18:18:05.856000Z,2025-07-11T16:01:13.283251Z,508.0,C16TQU91,5249,36,Male,White,United States,United States,United States,English,DATA_EXPIRED,DATA_EXPIRED
68713349b38cb88626badbe2,66f05e51545ecf68df96f480,RETURNED,Not Applicable,2025-07-11T15:52:49.231000Z,,,2025-12-17T15:11:49.277029Z,,,2151,CONSENT_REVOKED,CONSENT_REVOKED,CONSENT_REVOKED,CONSENT_REVOKED,CONSENT_REVOKED,CONSENT_REVOKED,CONSENT_REVOKED,CONSENT_REVOKED,CONSENT_REVOKED
68713349cdfe361774dd62ce,6339d33c8ee5d4d4b5607400,APPROVED,Not Applicable,2025-07-11T15:52:44.232000Z,2025-07-11T16:03:56.337000Z,2025-07-11T18:18:06.148000Z,2025-07-11T16:03:56.768705Z,673.0,C16TQU91,3568,30,Male,White,United States,United States,United States,English,No,Full-Time
6871334a0c614539cba77b76,614fbb4467c4c74f573a94d3,APPROVED,Not Applicable,2025-07-11T15:52:46.205000Z,2025-07-11T15:59:55.543000Z,2025-07-11T18:18:06.368000Z,2025-07-11T15:59:56.036105Z,430.0,C16TQU91,9436,42,Male,White,United States,United States,United States,English,DATA_EXPIRED,DATA_EXPIRED
6871334a784b44f2884e441d,67e9f29c98f6bc11131e8932,APPROVED,Not Applicable,2025-07-11T15:53:05.186000Z,2025-07-11T16:07:36.218000Z,2025-07-11T18:18:06.602000Z,2025-07-11T16:07:37.060898Z,872.0,C16TQU91,725,43,Male,White,United States,United States,United States,English,No,Part-Time
6871334a8a4a23594201895a,5d7ff85ffec5620017b07c40,APPROVED,Not Applicable,2025-07-11T15:52:46.092000Z,2025-07-11T16:03:50.570000Z,2025-07-11T18:18:06.826000Z,2025-07-11T16:03:51.043637Z,665.0,C16TQU91,10597,47,Female,Mixed,United States,United States,United States,English,No,Full-Time
6871334abdbf2ad5601d82b1,66a5957900d36ef1758c8e16,APPROVED,Not Applicable,2025-07-11T15:52:47.258000Z,2025-07-11T16:04:26.768000Z,2025-07-11T18:18:07.095000Z,2025-07-11T16:04:27.199134Z,700.0,C16TQU91,462,44,Female,Black,United States,United States,United States,English,Yes,Full-Time
6871334b9d5ec1aff7d00c6e,666545416b4645950f75ba15,APPROVED,Not Applicable,2025-07-11T15:52:48.528000Z,2025-07-11T16:08:46.115000Z,2025-07-11T18:18:07.353000Z,2025-07-11T16:08:46.594328Z,958.0,C16TQU91,1089,36,Female,White,United States,United States,United States,English,No,Full-Time
6871334bbc4209ff993b0545,65bd2b79e79a2385ead521b5,APPROVED,Not Applicable,2025-07-11T15:52:52.939000Z,2025-07-11T16:19:31.114000Z,2025-07-11T18:18:07.581000Z,2025-07-11T16:19:31.530749Z,1599.0,C16TQU91,1851,76,Male,White,United States,United States,United States,English,DATA_EXPIRED,DATA_EXPIRED
6871334c5d3a4faf400ab213,63d7e97b18c8503ff5be482c,RETURNED,Not Applicable,2025-07-11T15:52:47.807000Z,,,2025-12-17T15:11:49.275918Z,,,3858,CONSENT_REVOKED,CONSENT_REVOKED,CONSENT_REVOKED,CONSENT_REVOKED,CONSENT_REVOKED,CONSENT_REVOKED,CONSENT_REVOKED,CONSENT_REVOKED,CONSENT_REVOKED
6871334cbf7b02cfa51a0df9,55acf681fdf99b3d5b2ab68c,RETURNED,Not Applicable,2025-07-11T15:53:23.979000Z,,,2025-12-17T15:11:49.276332Z,,,10408,CONSENT_REVOKED,CONSENT_REVOKED,CONSENT_REVOKED,CONSENT_REVOKED,CONSENT_REVOKED,CONSENT_REVOKED,CONSENT_REVOKED,CONSENT_REVOKED,CONSENT_REVOKED
6871334d1a24a13c43a77cdd,5ff07b5ee7a1d23e719e421e,APPROVED,Not Applicable,2025-07-11T15:53:10.388000Z,2025-07-11T16:05:54.798000Z,2025-07-11T18:18:07.826000Z,2025-07-11T16:05:55.267669Z,765.0,C16TQU91,7262,70,Female,White,United States,United States,United States,English,No,"Not in paid work (e.g. homemaker', 'retired or disabled)"
6871334d267078b6f9b74159,6639e4b63f0c828141e2ea67,APPROVED,Not Applicable,2025-07-11T15:52:50.921000Z,2025-07-11T16:01:01.247000Z,2025-07-11T18:18:08.057000Z,2025-07-11T16:01:01.690390Z,491.0,C16TQU91,1216,21,Male,White,United States,United States,United States,English,DATA_EXPIRED,Unemployed (and job seeking)
6871334dc1f3c356df12748e,65ddf5b38e9a6e841cf8cd68,APPROVED,Not Applicable,2025-07-11T15:52:50.184000Z,2025-07-11T16:07:13.659000Z,2025-07-11T18:18:08.755000Z,2025-07-11T16:07:16.980004Z,864.0,C16TQU91,1429,66,Female,White,United States,United States,United States,English,No,"Not in paid work (e.g. homemaker', 'retired or disabled)"
6871334e00f1f0eedb66f489,5bd47734506cd3000101d181,APPROVED,Not Applicable,2025-07-11T15:52:48.584000Z,2025-07-11T16:00:38.919000Z,2025-07-11T18:18:08.995000Z,2025-07-11T16:00:39.333371Z,471.0,C16TQU91,4066,35,Male,White,United States,United States,United States,English,DATA_EXPIRED,DATA_EXPIRED
6871334ecda926a72056ef8f,663e3d54f8d2431b170e185d,APPROVED,Not Applicable,2025-07-11T15:52:52.945000Z,2025-07-11T16:02:39.652000Z,2025-07-11T18:18:09.219000Z,2025-07-11T16:02:40.180019Z,587.0,C16TQU91,2426,32,Female,White,United States,United States,United States,English,No,Full-Time
6871334eda7ee9bccd153db1,665f4a8236d81b9f154a1b08,APPROVED,Not Applicable,2025-07-11T15:52:53.213000Z,2025-07-11T16:09:45.649000Z,2025-07-11T18:18:09.474000Z,2025-07-11T16:09:46.116498Z,1013.0,C16TQU91,2235,61,Female,White,United States,United States,United States,English,No,Full-Time
6871334f4e0b3f0540003e3d,66d39c32d1b0bcfee539e547,APPROVED,Not Applicable,2025-07-11T15:53:54.849000Z,2025-07-11T16:08:56.849000Z,2025-07-11T18:18:09.708000Z,2025-07-11T16:08:57.341167Z,902.0,C16TQU91,316,27,Female,White,United States,United States,United States,English,Yes,Full-Time
687133508a9a8a8ef823bb76,63d176dbaef5e7827cd86954,APPROVED,Not Applicable,2025-07-11T15:56:42.319000Z,2025-07-11T16:16:47.469000Z,2025-07-11T18:18:09.930000Z,2025-07-11T16:16:47.927099Z,1206.0,C16TQU91,6360,47,Female,White,United States,United States,United States,English,No,Unemployed (and job seeking)
68713350f5c34a982b098c46,60ff181e02cb6fc7912b2203,APPROVED,Not Applicable,2025-07-11T15:53:02.636000Z,2025-07-11T16:02:27.926000Z,2025-07-11T18:18:10.149000Z,2025-07-11T16:02:28.475564Z,566.0,C16TQU91,1595,33,Female,White,United States,United States,United States,English,DATA_EXPIRED,DATA_EXPIRED
6871335132e7c9d619f439f3,67a588fc73476d11c7db25ff,APPROVED,Not Applicable,2025-07-11T15:52:59.383000Z,2025-07-11T16:07:51.687000Z,2025-07-11T18:18:10.376000Z,2025-07-11T16:07:52.330598Z,893.0,C16TQU91,275,61,Female,Asian,United States,United States,United States,English,No,Full-Time
68713351ae0cb9c33a97eed4,5a3ca9f4fbc64300010a280d,RETURNED,Not Applicable,2025-07-11T15:53:08.754000Z,,,2025-12-17T15:11:49.278026Z,,,3077,CONSENT_REVOKED,CONSENT_REVOKED,CONSENT_REVOKED,CONSENT_REVOKED,CONSENT_REVOKED,CONSENT_REVOKED,CONSENT_REVOKED,CONSENT_REVOKED,CONSENT_REVOKED
68713351d5725fb3899b33fe,5953462b2d8f240001481c53,APPROVED,Not Applicable,2025-07-11T15:52:54.854000Z,2025-07-11T16:04:54.917000Z,2025-07-11T18:18:10.603000Z,2025-07-11T16:04:55.350222Z,721.0,C16TQU91,2207,30,Female,White,United States,United States,United States,English,DATA_EXPIRED,DATA_EXPIRED
68713352493332571e97ed97,66562875b665d8e2b1b6fc66,APPROVED,Not Applicable,2025-07-11T15:56:11.332000Z,2025-07-11T16:05:08.084000Z,2025-07-11T18:18:10.816000Z,2025-07-11T16:05:08.537675Z,537.0,C16TQU91,3751,54,Female,White,United States,United States,United States,English,DATA_EXPIRED,DATA_EXPIRED
6871335256d652da9b91d0f4,663a6c3e71964578f2601aaf,RETURNED,Not Applicable,2025-07-11T15:53:00.540000Z,,,2025-12-17T15:11:49.280450Z,,,845,CONSENT_REVOKED,CONSENT_REVOKED,CONSENT_REVOKED,CONSENT_REVOKED,CONSENT_REVOKED,CONSENT_REVOKED,CONSENT_REVOKED,CONSENT_REVOKED,CONSENT_REVOKED
68713352c31f8ea0ac384fc8,5b6482e9f5bc0a00019fd571,APPROVED,Not Applicable,2025-07-11T15:52:55.654000Z,2025-07-11T16:02:14.726000Z,2025-07-11T18:18:11.056000Z,2025-07-11T16:02:15.219928Z,560.0,C16TQU91,12139,44,Male,White,United States,United States,United States,English,No,Full-Time
687133530cfae86e42d014f4,5c7c1f95e926fc00160b4b45,APPROVED,Not Applicable,2025-07-11T15:52:55.289000Z,2025-07-11T16:00:27.178000Z,2025-07-11T18:18:11.301000Z,2025-07-11T16:00:27.584511Z,452.0,C16TQU91,3310,60,Female,White,United States,United States,United States,English,No,Part-Time
68713353bc7017608e2b9c60,641f9b7b5528c725f5511fdc,APPROVED,Not Applicable,2025-07-11T15:52:55.301000Z,2025-07-11T16:02:07.416000Z,2025-07-11T18:18:11.517000Z,2025-07-11T16:02:07.936723Z,553.0,C16TQU91,4437,33,Female,White,United States,United States,United States,English,DATA_EXPIRED,DATA_EXPIRED
68713353bdbf2ad5601d82b7,6684b71a5615b7da8e59ce56,APPROVED,Not Applicable,2025-07-11T15:52:55.549000Z,2025-07-11T16:03:21.601000Z,2025-07-11T18:18:11.742000Z,2025-07-11T16:03:22.053097Z,627.0,C16TQU91,3121,48,Female,Other,United States,United States,United States,English,Yes,Full-Time
687133541401732c783aa32f,65e00891e4c0c8cad9c1583a,APPROVED,Not Applicable,2025-07-11T15:53:45.286000Z,2025-07-11T16:06:14.571000Z,2025-07-11T18:18:11.962000Z,2025-07-11T16:06:15.037656Z,750.0,C16TQU91,2454,27,Male,White,United States,United States,United States,English,DATA_EXPIRED,DATA_EXPIRED
68713354d82db1e8beb9bd5d,681154497853ae1091725328,RETURNED,Not Applicable,2025-07-11T15:53:00.722000Z,,,2025-12-17T15:11:49.280441Z,,,1281,CONSENT_REVOKED,CONSENT_REVOKED,CONSENT_REVOKED,CONSENT_REVOKED,CONSENT_REVOKED,CONSENT_REVOKED,CONSENT_REVOKED,CONSENT_REVOKED,CONSENT_REVOKED
68713355a7356bdafcfa4220,60f2a2b4932fed5326988e0f,APPROVED,Not Applicable,2025-07-11T15:52:59.284000Z,2025-07-11T16:07:12.632000Z,2025-07-11T18:18:12.178000Z,2025-07-11T16:07:16.625615Z,854.0,C16TQU91,7835,32,Male,White,United States,United States,United States,English,No,"Not in paid work (e.g. homemaker', 'retired or disabled)"
68713355c3b1e51afbf8c68d,5efe29d315ba872fa20a9c3d,APPROVED,Not Applicable,2025-07-11T15:52:53.066000Z,2025-07-11T16:05:08.606000Z,2025-07-11T18:18:12.385000Z,2025-07-11T16:05:09.038795Z,736.0,C16TQU91,3066,28,Male,White,United States,United States,United States,English,Yes,Full-Time
68713357d61ed7caa5cbe46f,6750b01b6884189e0a7008f4,APPROVED,Not Applicable,2025-07-11T15:53:19.883000Z,2025-07-11T16:06:56.331000Z,2025-07-11T18:18:12.615000Z,2025-07-11T16:06:56.814932Z,817.0,C16TQU91,399,26,Female,Black,United States,United States,United States,English,No,DATA_EXPIRED
6871335a7454d9afbac7a387,6684497541f835bd67a199b2,APPROVED,Not Applicable,2025-07-11T15:53:01.758000Z,2025-07-11T16:06:46.490000Z,2025-07-11T18:18:12.841000Z,2025-07-11T16:06:47.642643Z,825.0,C16TQU91,1635,51,Male,White,United States,United States,United States,English,No,Part-Time
6871335c26a40fd4939b0297,59f226a9d6380600018b2923,APPROVED,Not Applicable,2025-07-11T15:53:18.399000Z,2025-07-11T16:10:42.507000Z,2025-07-11T18:18:13.083000Z,2025-07-11T16:10:42.907651Z,1045.0,C16TQU91,11726,61,Female,White,United States,United States,United States,English,No,Full-Time
6871335dcd45551c0bf438bf,63a9a8f2f098b7e45bd03721,APPROVED,Not Applicable,2025-07-11T15:53:06.099000Z,2025-07-11T16:02:25.063000Z,2025-07-11T18:18:13.317000Z,2025-07-11T16:02:25.530496Z,559.0,C16TQU91,6080,70,Male,White,United States,United States,United States,English,No,DATA_EXPIRED
6871335e29a547938b47a71d,6132542039ead71f30971bd6,APPROVED,Not Applicable,2025-07-11T15:53:02.755000Z,2025-07-11T16:04:27.436000Z,2025-07-11T18:18:13.554000Z,2025-07-11T16:04:27.892066Z,685.0,C16TQU91,11540,72,Male,White,United States,United States,United States,English,No,Full-Time
68713363d879eb2562282800,5b8c7161284d9b00019dee13,APPROVED,Not Applicable,2025-07-11T15:53:25.320000Z,2025-07-11T16:09:24.910000Z,2025-07-11T18:18:13.792000Z,2025-07-11T16:09:25.374698Z,960.0,C16TQU91,3072,27,Female,White,United States,United States,United States,English,No,Part-Time
68713364cda926a72056ef94,667dff584b72be8e8cf6b196,RETURNED,Not Applicable,2025-07-11T15:53:15.115000Z,,,2025-12-17T15:11:49.282534Z,,,2738,CONSENT_REVOKED,CONSENT_REVOKED,CONSENT_REVOKED,CONSENT_REVOKED,CONSENT_REVOKED,CONSENT_REVOKED,CONSENT_REVOKED,CONSENT_REVOKED,CONSENT_REVOKED
68713365e43e4afe7971a952,63d151405b8e78eace7a44c3,APPROVED,Not Applicable,2025-07-11T15:53:14.793000Z,2025-07-11T16:02:58.295000Z,2025-07-11T18:18:14.026000Z,2025-07-11T16:02:58.738691Z,584.0,C16TQU91,1440,56,Female,White,United States,United States,United States,English,No,Full-Time
687133672730b1f0834531aa,65c120df98be0f4091886a41,APPROVED,Not Applicable,2025-07-11T15:53:17.550000Z,2025-07-11T16:06:22.083000Z,2025-07-11T18:18:14.263000Z,2025-07-11T16:06:22.571230Z,785.0,C16TQU91,2430,36,Female,Black,United States,United States,United States,English,Yes,Full-Time
6871336743277336ad76c6c0,652ffea2ef41994e29919c0f,APPROVED,Not Applicable,2025-07-11T15:53:15.600000Z,2025-07-11T16:05:17.593000Z,2025-07-11T18:18:14.490000Z,2025-07-11T16:05:18.043704Z,722.0,C16TQU91,1689,26,Female,White,United States,United States,United States,English,No,Other
687133684b03f660b9b7250c,5be87ae193ca1f00014dae06,RETURNED,Not Applicable,2025-07-11T16:04:00.013000Z,,,2025-12-17T15:11:49.284392Z,,,6053,CONSENT_REVOKED,CONSENT_REVOKED,CONSENT_REVOKED,CONSENT_REVOKED,CONSENT_REVOKED,CONSENT_REVOKED,CONSENT_REVOKED,CONSENT_REVOKED,CONSENT_REVOKED
68713368984040a28fe4f446,6648bfa5ae62e331540910e4,APPROVED,Not Applicable,2025-07-11T15:53:14.550000Z,2025-07-11T16:01:32.898000Z,2025-07-11T18:18:14.718000Z,2025-07-11T16:01:33.372119Z,499.0,C16TQU91,1525,29,Male,Asian,United States,United States,United States,English,Yes,Unemployed (and job seeking)
687133694d6f34a165ce71ed,6017b65539ce08a28743cce5,APPROVED,Not Applicable,2025-07-11T15:54:10.706000Z,2025-07-11T16:07:31.136000Z,2025-07-11T18:18:14.957000Z,2025-07-11T16:07:31.746846Z,801.0,C16TQU91,2365,30,Female,White,United States,United States,United States,English,DATA_EXPIRED,DATA_EXPIRED
68713369737dec5d010ede47,6597f690c74785b864bfadcc,APPROVED,Not Applicable,2025-07-11T15:53:32.872000Z,2025-07-11T16:08:23.475000Z,2025-07-11T18:18:15.250000Z,2025-07-11T16:08:24.245400Z,891.0,C16TQU91,539,42,Female,White,United States,United States,United States,English,DATA_EXPIRED,Full-Time
6871336a9cb70adb6ecafdaf,656895b98a551bd79eb47d0c,APPROVED,Not Applicable,2025-07-11T15:53:18.636000Z,2025-07-11T16:01:52.329000Z,2025-07-11T18:18:15.466000Z,2025-07-11T16:01:52.789692Z,514.0,C16TQU91,3800,29,Male,White,United States,United States,United States,English,Yes,Full-Time
6871336aad34ed21a589ca78,6717f6d35993e2dc6a06d1a9,APPROVED,Not Applicable,2025-07-11T15:53:18.994000Z,2025-07-11T16:12:09.026000Z,2025-07-11T18:18:15.708000Z,2025-07-11T16:12:09.443336Z,1131.0,C16TQU91,229,31,Female,White,United States,United States,United States,English,DATA_EXPIRED,DATA_EXPIRED
6871336b2730b1f0834531ae,5cd6c1197b871a0001b13589,APPROVED,Not Applicable,2025-07-11T15:53:21.450000Z,2025-07-11T16:01:36.465000Z,2025-07-11T18:18:15.921000Z,2025-07-11T16:01:36.902868Z,496.0,C16TQU91,12030,64,Female,White,United States,United States,United States,English,No,Full-Time
68713371c01ee7d51bbce0aa,65d9f7d2bd4d3cddb74feb06,APPROVED,Not Applicable,2025-07-11T15:53:21.003000Z,2025-07-11T16:21:38.785000Z,2025-07-11T18:18:16.173000Z,2025-07-11T16:21:39.188874Z,1698.0,C16TQU91,461,25,Female,Black,United States,United States,United States,English,DATA_EXPIRED,DATA_EXPIRED
68713372990bafedf196a35b,6526f601bedbae17738408b1,APPROVED,Not Applicable,2025-07-11T15:53:28.249000Z,2025-07-11T16:08:12.432000Z,2025-07-11T18:18:16.413000Z,2025-07-11T16:08:12.877378Z,885.0,C16TQU91,4260,65,Male,White,United States,United States,United States,English,Yes,Full-Time
68713378582487a02ef8bf87,673ab124dd6f6df06b143da0,APPROVED,Not Applicable,2025-07-11T15:53:31.696000Z,2025-07-11T16:05:20.579000Z,2025-07-11T18:18:16.647000Z,2025-07-11T16:05:21.040515Z,709.0,C16TQU91,1504,44,Female,Black,United States,United States,United States,English,No,Other
6871337ec6da49432e95bda9,67e0cd48bc68859bea892c73,APPROVED,Not Applicable,2025-07-11T15:53:34.096000Z,2025-07-11T16:02:40.718000Z,2025-07-11T18:18:16.903000Z,2025-07-11T16:02:41.183585Z,547.0,C16TQU91,223,29,Male,White,United States,United States,United States,English,Yes,Full-Time
687133827a8b42a57c3941d5,63868eb7abcf3f247da6f52b,APPROVED,Not Applicable,2025-07-11T15:53:46.650000Z,2025-07-11T16:02:54.287000Z,2025-07-11T18:18:17.160000Z,2025-07-11T16:02:54.739606Z,548.0,C16TQU91,8048,56,Female,White,Italy,United States,United States,English,No,Full-Time
68713384a195c72bbc73b16c,6633a56b4295b8d6db0fc3c3,APPROVED,Not Applicable,2025-07-11T15:53:44.940000Z,2025-07-11T16:04:47.218000Z,2025-07-11T18:18:17.430000Z,2025-07-11T16:04:47.693270Z,663.0,C16TQU91,488,31,Male,Asian,United States,United States,United States,English,Yes,Part-Time
6871338b22121c6b7e2878f5,668b9ef3f88084c4945bc24d,APPROVED,Not Applicable,2025-07-11T15:54:09.587000Z,2025-07-11T16:26:05.200000Z,2025-07-11T18:18:17.783000Z,2025-07-11T16:26:05.638421Z,1916.0,C16TQU91,1203,33,Female,White,United States,United States,United States,English,DATA_EXPIRED,DATA_EXPIRED
687133906c142465cb2d5cf2,680cf3759bbfca13d68e130a,APPROVED,Not Applicable,2025-07-11T15:53:56.745000Z,2025-07-11T16:04:26.029000Z,2025-07-11T18:18:18.014000Z,2025-07-11T16:04:26.487119Z,630.0,C16TQU91,1132,57,Male,White,United States,United States,United States,English,No,Full-Time
687133918ad3c0dd36b63622,5c83394a3e93bf0001e143d6,APPROVED,Not Applicable,2025-07-11T15:53:56.584000Z,2025-07-11T16:05:26.343000Z,2025-07-11T18:18:18.227000Z,2025-07-11T16:05:26.799085Z,690.0,C16TQU91,3060,27,Female,Asian,United States,United States,United States,English,DATA_EXPIRED,DATA_EXPIRED
6871339228529010c6ae2d35,644b1e452a0061d713dcbf4a,APPROVED,Not Applicable,2025-07-11T15:54:07.407000Z,2025-07-11T16:21:23.100000Z,2025-07-11T18:18:18.561000Z,2025-07-11T16:21:23.548100Z,1636.0,C16TQU91,1448,51,Male,Asian,Vietnam,United States,United States,English,No,Unemployed (and job seeking)
68713396fcfab16e0ce0019e,616f315b5e74ca5b9a1d2ca7,APPROVED,Not Applicable,2025-07-11T15:54:02.319000Z,2025-07-11T16:13:19.175000Z,2025-07-11T18:18:18.875000Z,2025-07-11T16:13:19.589161Z,1157.0,C16TQU91,4951,59,Male,White,United States,United States,United States,English,DATA_EXPIRED,Other
6871339ae67c4bc28b84c854,5ebc74759921f30c68adcc7a,APPROVED,Not Applicable,2025-07-11T15:54:06.243000Z,2025-07-11T16:00:38.973000Z,2025-07-11T18:18:19.097000Z,2025-07-11T16:00:39.385527Z,393.0,C16TQU91,8005,55,Male,White,United States,United States,United States,English,DATA_EXPIRED,DATA_EXPIRED
687133a27e9a68370bbada52,628f7e982aad1788d940317a,APPROVED,Not Applicable,2025-07-11T15:54:10.068000Z,2025-07-11T16:08:35.025000Z,2025-07-11T18:18:19.317000Z,2025-07-11T16:08:35.442856Z,865.0,C16TQU91,8624,71,Male,White,United States,United States,United States,English,DATA_EXPIRED,DATA_EXPIRED
687133a7fdac83be874076ff,6564945a98aa29adc95a4672,APPROVED,Not Applicable,2025-07-11T15:54:18.508000Z,2025-07-11T16:00:09.622000Z,2025-07-11T18:18:19.538000Z,2025-07-11T16:00:10.097214Z,352.0,C16TQU91,2429,37,Female,White,United States,United States,United States,English,No,Full-Time
687133a88df5df1c86dcc031,5e8a1827052175000938eb91,APPROVED,Not Applicable,2025-07-11T15:57:18.348000Z,2025-07-11T16:06:37.541000Z,2025-07-11T18:18:19.812000Z,2025-07-11T16:06:38.044688Z,560.0,C16TQU91,6236,26,Male,White,United States,United States,United States,English,DATA_EXPIRED,DATA_EXPIRED
687133ab457d87d6b82ec311,659590edd421a4085d51e2b9,APPROVED,Not Applicable,2025-07-11T15:54:23.358000Z,2025-07-11T16:02:36.324000Z,2025-07-11T18:18:20.032000Z,2025-07-11T16:02:36.800239Z,493.0,C16TQU91,1650,36,Female,Asian,DATA_EXPIRED,United States,United States,English,DATA_EXPIRED,DATA_EXPIRED
687133ae4110d6966be6d321,6706aeab632984a66f859a2a,APPROVED,Not Applicable,2025-07-11T15:54:26.088000Z,2025-07-11T16:11:11.511000Z,2025-07-11T18:18:20.253000Z,2025-07-11T16:11:11.986453Z,1006.0,C16TQU91,458,26,Female,White,United States,United States,United States,English,Yes,Full-Time
687133aecd45551c0bf438cf,65fcc84e70796a69373bcd0e,APPROVED,Not Applicable,2025-07-11T15:54:26.639000Z,2025-07-11T16:05:56.427000Z,2025-07-11T18:18:20.531000Z,2025-07-11T16:05:56.917085Z,690.0,C16TQU91,1990,77,Female,White,United States,United States,United States,English,No,"Not in paid work (e.g. homemaker', 'retired or disabled)"
687133af05e0582fd5e5b683,655f8ed110c1375ed1b41d08,APPROVED,Not Applicable,2025-07-11T15:54:27.601000Z,2025-07-11T16:10:50.168000Z,2025-07-11T18:18:20.892000Z,2025-07-11T16:10:50.584943Z,983.0,C16TQU91,1431,33,Female,Black,United States,United States,United States,English,DATA_EXPIRED,DATA_EXPIRED
687133af22121c6b7e287908,5da8edc60f9c9c0017526948,APPROVED,Not Applicable,2025-07-11T15:54:28.470000Z,2025-07-11T16:07:04.260000Z,2025-07-11T18:18:21.181000Z,2025-07-11T16:07:04.755595Z,756.0,C16TQU91,4604,35,Male,Asian,United States,United States,United States,English,DATA_EXPIRED,DATA_EXPIRED
687133af8ad3c0dd36b63629,67e5332fd4a2fce36b985eea,APPROVED,Not Applicable,2025-07-11T15:57:29.800000Z,2025-07-11T16:35:04.920000Z,2025-07-11T18:18:21.391000Z,2025-07-11T16:35:05.406792Z,2256.0,C16TQU91,457,48,Female,White,United States,United States,United States,English,No,Unemployed (and job seeking)
687133af8eec103ff2578eeb,672725b2b7c4533a62aabc07,APPROVED,Not Applicable,2025-07-11T15:54:28.314000Z,2025-07-11T16:09:33.586000Z,2025-07-11T18:18:21.598000Z,2025-07-11T16:09:34.156389Z,906.0,C16TQU91,1383,37,Male,White,United States,United States,United States,English,No,DATA_EXPIRED
687133b0f1ed4ac8a964e734,673e3eec9d1cbf46b36096b5,RETURNED,Not Applicable,2025-07-11T15:54:27.204000Z,,,2025-12-17T15:11:49.302686Z,,,3558,CONSENT_REVOKED,CONSENT_REVOKED,CONSENT_REVOKED,CONSENT_REVOKED,CONSENT_REVOKED,CONSENT_REVOKED,CONSENT_REVOKED,CONSENT_REVOKED,CONSENT_REVOKED
687133b11a24a13c43a77cf8,65e74f3dd1cf1c6869f7af37,APPROVED,Not Applicable,2025-07-11T15:55:35.923000Z,2025-07-11T16:09:45.702000Z,2025-07-11T18:18:21.825000Z,2025-07-11T16:09:46.205197Z,850.0,C16TQU91,3016,33,Female,Black,United States,United States,United States,English,Yes,Full-Time
687133b245db056ca3b4776d,67e727e0e5b6fb17d760f39f,RETURNED,Not Applicable,2025-07-11T15:57:46.559000Z,,,2025-12-17T15:11:49.288828Z,,,2150,CONSENT_REVOKED,CONSENT_REVOKED,CONSENT_REVOKED,CONSENT_REVOKED,CONSENT_REVOKED,CONSENT_REVOKED,CONSENT_REVOKED,CONSENT_REVOKED,CONSENT_REVOKED
687133b2c3c4050a97f1fcc0,5e2f5b28129198070e2996db,APPROVED,Not Applicable,2025-07-11T15:54:34.313000Z,2025-07-11T16:09:16.721000Z,2025-07-11T18:18:22.531000Z,2025-07-11T16:09:17.168692Z,883.0,C16TQU91,9121,81,Female,White,United States,United States,United States,English,DATA_EXPIRED,"Not in paid work (e.g. homemaker', 'retired or disabled)"
687133b2c67c1fac6257b7c4,668dc78c1b388adf48d7f329,APPROVED,Not Applicable,2025-07-11T15:54:39.850000Z,2025-07-11T16:23:38.780000Z,2025-07-11T18:18:22.746000Z,2025-07-11T16:23:39.189793Z,1739.0,C16TQU91,608,49,Female,Black,Jamaica,United States,Jamaica,English,DATA_EXPIRED,DATA_EXPIRED
687133b3f4a86648903eba22,66e4c4358de330a06b4d33f1,APPROVED,Not Applicable,2025-07-11T15:54:33.632000Z,2025-07-11T16:09:04.589000Z,2025-07-11T18:18:23.025000Z,2025-07-11T16:09:05.041167Z,871.0,C16TQU91,1096,80,Male,White,United States,United States,United States,English,No,"Not in paid work (e.g. homemaker', 'retired or disabled)"
687133b44e9d99f4950e50b3,5ed427e3bcd0c00b58a177c0,APPROVED,Not Applicable,2025-07-11T15:55:50.062000Z,2025-07-11T16:11:33.599000Z,2025-07-11T18:18:23.312000Z,2025-07-11T16:11:34.049139Z,944.0,C16TQU91,9937,28,Male,Black,United States,United States,United States,English,No,Unemployed (and job seeking)
687133b47103792a6113f508,66b954982818133f9ced358a,APPROVED,Not Applicable,2025-07-11T15:54:33.530000Z,2025-07-11T16:07:27.306000Z,2025-07-11T18:18:23.568000Z,2025-07-11T16:07:27.801743Z,774.0,C16TQU91,505,33,Female,Other,United States,United States,United States,English,Yes,Full-Time
687133b4bdbf2ad5601d82d2,5de5538f8fde1c4dbc951498,APPROVED,Not Applicable,2025-07-11T15:54:33.226000Z,2025-07-11T16:04:57.476000Z,2025-07-11T18:18:23.822000Z,2025-07-11T16:04:58.070716Z,625.0,C16TQU91,8966,64,Female,White,United States,United States,United States,English,No,"Not in paid work (e.g. homemaker', 'retired or disabled)"
687133b500e3d33ed3a4b013,65e25a56b48b9af00aaf76d5,APPROVED,Not Applicable,2025-07-11T15:54:32.690000Z,2025-07-11T16:02:10.669000Z,2025-07-11T18:18:24.070000Z,2025-07-11T16:02:11.210836Z,458.0,C16TQU91,2682,51,Female,White,United States,United States,United States,English,No,Full-Time
687133b537ce9ceb3fd17810,5d1a611734f57200164d4cd5,APPROVED,Not Applicable,2025-07-11T15:55:14.575000Z,2025-07-11T16:10:41.597000Z,2025-07-11T18:18:24.296000Z,2025-07-11T16:10:42.003395Z,928.0,C16TQU91,5263,30,Female,White,United States,United States,United States,English,DATA_EXPIRED,DATA_EXPIRED
687133b71418b204aeee1d46,67cc63a3a8d24ad74be65272,APPROVED,Not Applicable,2025-07-11T15:54:34.587000Z,2025-07-11T16:02:43.534000Z,2025-07-11T18:18:24.554000Z,2025-07-11T16:02:43.993969Z,489.0,C16TQU91,1527,59,Male,White,United States,United States,United States,English,No,Full-Time
687133b94ba6f62fff30ca63,5dc474fd45b8f933f16d6241,APPROVED,Not Applicable,2025-07-11T15:54:38.578000Z,2025-07-11T16:05:49.674000Z,2025-07-11T18:18:24.814000Z,2025-07-11T16:05:50.128920Z,672.0,C16TQU91,3502,35,Female,White,United States,United States,United States,English,No,DATA_EXPIRED
687133b9c153e874a7218a7a,6712b53345c966536d238e89,RETURNED,Not Applicable,2025-07-11T15:54:55.073000Z,,,2025-12-17T15:11:49.301321Z,,,5340,CONSENT_REVOKED,CONSENT_REVOKED,CONSENT_REVOKED,CONSENT_REVOKED,CONSENT_REVOKED,CONSENT_REVOKED,CONSENT_REVOKED,CONSENT_REVOKED,CONSENT_REVOKED
687133bb00e3d33ed3a4b018,608bfa04767191aa4d57bfd8,APPROVED,Not Applicable,2025-07-11T15:54:45.095000Z,2025-07-11T16:03:10.164000Z,2025-07-11T18:18:25.068000Z,2025-07-11T16:03:10.583813Z,506.0,C16TQU91,11107,42,Female,White,United States,United States,United States,English,No,Full-Time
687133bc990bafedf196a36d,5f41ae5ddb53f915ed43e2e1,APPROVED,Not Applicable,2025-07-11T15:54:42.618000Z,2025-07-11T16:02:51.754000Z,2025-07-11T18:18:25.296000Z,2025-07-11T16:02:52.221975Z,490.0,C16TQU91,1265,36,Prefer not to say,White,United States,United States,United States,English,DATA_EXPIRED,DATA_EXPIRED
687133bdae6fb5dc06e1360a,6740a2f2bae870caa18ae1ef,APPROVED,Not Applicable,2025-07-11T15:54:41.960000Z,2025-07-11T16:03:09.305000Z,2025-07-11T18:18:25.542000Z,2025-07-11T16:03:09.759832Z,508.0,C16TQU91,1349,47,Male,Black,United States,United States,United States,English,DATA_EXPIRED,DATA_EXPIRED
687133bf2b8c87e91be23c1d,6657de6005b37ec6f43084a6,APPROVED,Not Applicable,2025-07-11T15:54:43.573000Z,2025-07-11T16:04:41.473000Z,2025-07-11T18:18:26.017000Z,2025-07-11T16:04:41.946023Z,598.0,C16TQU91,2231,38,Female,White,Germany,United States,United States,English,No,Full-Time
687133c0b0287b0097413052,60e5d60060cde4e18c4c8732,APPROVED,Not Applicable,2025-07-11T15:54:46.319000Z,2025-07-11T16:09:07.407000Z,2025-07-11T18:18:26.314000Z,2025-07-11T16:09:08.179625Z,862.0,C16TQU91,1929,35,Male,White,United States,United States,United States,English,Yes,Other
687133c10d1a12ecd4ae2c3d,5f218f86a3a5b05784d9d371,APPROVED,Not Applicable,2025-07-11T15:54:54.263000Z,2025-07-11T16:03:51.802000Z,2025-07-11T18:18:26.659000Z,2025-07-11T16:03:52.292996Z,538.0,C16TQU91,4269,37,Female,White,United States,United States,United States,English,No,Full-Time
687133c2814c8b8e23179ff2,62979d6078be475dbbcb0149,RETURNED,Not Applicable,2025-07-11T15:54:50.010000Z,,,2025-12-17T15:11:49.295407Z,,,3045,CONSENT_REVOKED,CONSENT_REVOKED,CONSENT_REVOKED,CONSENT_REVOKED,CONSENT_REVOKED,CONSENT_REVOKED,CONSENT_REVOKED,CONSENT_REVOKED,CONSENT_REVOKED
687133c31c6c6a045d581bd1,66a487383e6918144d956b3f,APPROVED,Not Applicable,2025-07-11T15:54:51.285000Z,2025-07-11T16:08:32.952000Z,2025-07-11T18:18:27.023000Z,2025-07-11T16:08:33.389119Z,822.0,C16TQU91,461,43,Female,White,United States,United States,United States,English,No,Full-Time
687133c3a19185c135113a34,6111ac5252aef485a7565f2b,APPROVED,Not Applicable,2025-07-11T15:54:47.165000Z,2025-07-11T16:03:17.061000Z,2025-07-11T18:18:27.373000Z,2025-07-11T16:03:17.494556Z,510.0,C16TQU91,547,23,Female,White,United States,United States,United States,English,Yes,Full-Time
687133c466bb411abec932c9,66393ddc9483d4299b5e311e,APPROVED,Not Applicable,2025-07-11T15:54:47.228000Z,2025-07-11T16:07:00.220000Z,2025-07-11T18:18:27.676000Z,2025-07-11T16:07:00.693629Z,733.0,C16TQU91,1918,59,Female,White,United States,United States,United States,English,No,Unemployed (and job seeking)
687133c4d20c920b6b47b6dd,66b220f52efa370a54b655ee,APPROVED,Not Applicable,2025-07-11T15:54:48.558000Z,2025-07-11T16:05:01.903000Z,2025-07-11T18:18:27.983000Z,2025-07-11T16:05:02.411008Z,614.0,C16TQU91,1220,30,Male,White,United States,United States,United States,English,DATA_EXPIRED,DATA_EXPIRED
687133c54ba6f62fff30ca68,677edb96bb091e27806608b9,APPROVED,Not Applicable,2025-07-11T15:55:46.038000Z,2025-07-11T16:10:02.973000Z,2025-07-11T18:18:28.299000Z,2025-07-11T16:10:03.413667Z,857.0,C16TQU91,1017,48,Female,Mixed,United States,United States,United States,English,DATA_EXPIRED,Full-Time
687133c5db17d57d9248682e,5d41fdd8ca81250001493117,APPROVED,Not Applicable,2025-07-11T16:01:52.981000Z,2025-07-11T16:11:50.262000Z,2025-07-11T18:18:28.628000Z,2025-07-11T16:11:50.869194Z,598.0,C16TQU91,1743,42,Female,Mixed,United States,United States,United States,English,No,Full-Time
687133c6d0a8463b72e92676,5f2f03deec679e2cf4a992e6,APPROVED,Not Applicable,2025-07-11T15:54:51.218000Z,2025-07-11T16:12:24.398000Z,2025-07-11T18:18:28.915000Z,2025-07-11T16:12:24.796473Z,1054.0,C16TQU91,9008,36,Male,White,United States,United States,United States,English,No,Full-Time
687133c700c5fa7775c47712,637ce608b8f8f923bf784d84,APPROVED,Not Applicable,2025-07-11T15:54:53.275000Z,2025-07-11T16:08:08.933000Z,2025-07-11T18:18:29.222000Z,2025-07-11T16:08:09.399505Z,796.0,C16TQU91,4373,58,Female,White,United States,United States,United States,English,No,Part-Time
687133c736f9b8691384c6b8,681dea90ca4d96177e42d98b,APPROVED,Not Applicable,2025-07-11T15:54:52.228000Z,2025-07-11T16:14:12.868000Z,2025-07-11T18:18:29.552000Z,2025-07-11T16:14:13.292731Z,1161.0,C16TQU91,653,60,Female,Black,United States,United States,United States,English,No,"Not in paid work (e.g. homemaker', 'retired or disabled)"
687133c9d712d59bc4d2c71d,5dabc4c317ce000014de326e,APPROVED,Not Applicable,2025-07-11T15:54:53.204000Z,2025-07-11T16:06:31.730000Z,2025-07-11T18:18:29.881000Z,2025-07-11T16:06:32.225813Z,699.0,C16TQU91,2520,30,Female,White,United States,United States,United States,English,No,"Not in paid work (e.g. homemaker', 'retired or disabled)"
687133ca1821eddf8fb518e3,67b795fcea3a1dba350ab9b4,APPROVED,Not Applicable,2025-07-11T15:55:15.075000Z,2025-07-11T16:06:57.732000Z,2025-07-11T18:18:30.205000Z,2025-07-11T16:06:58.204450Z,703.0,C16TQU91,708,27,Male,Other,United States,United States,United States,English,No,Full-Time
687133ca73eba6527259ec84,66660a053b08e2a34f9b945c,APPROVED,Not Applicable,2025-07-11T15:54:55.267000Z,2025-07-11T16:06:31.018000Z,2025-07-11T18:18:30.560000Z,2025-07-11T16:06:31.533849Z,696.0,C16TQU91,2735,36,Female,Mixed,United States,United States,United States,English,DATA_EXPIRED,DATA_EXPIRED
687133cc2b8c87e91be23c23,67ed8f12809e993b465ce944,APPROVED,Not Applicable,2025-07-11T15:54:57.690000Z,2025-07-11T16:05:14.288000Z,2025-07-11T18:18:30.877000Z,2025-07-11T16:05:14.766657Z,617.0,C16TQU91,239,37,Male,White,United States,United States,United States,English,DATA_EXPIRED,DATA_EXPIRED
687133cd709fcc79d84784de,682f60f38aa042c561a2d140,APPROVED,Not Applicable,2025-07-11T15:55:00.790000Z,2025-07-11T16:10:05.660000Z,2025-07-11T18:18:31.187000Z,2025-07-11T16:10:06.146182Z,905.0,C16TQU91,641,29,Female,White,United States,United States,United States,English,Yes,Part-Time
687133ce1dfd27b18f169851,668dcd1f9dd44752b86c48a0,APPROVED,Not Applicable,2025-07-11T15:54:57.413000Z,2025-07-11T16:04:16.879000Z,2025-07-11T18:18:31.495000Z,2025-07-11T16:04:17.329905Z,560.0,C16TQU91,498,29,Female,White,United States,United States,United States,English,DATA_EXPIRED,DATA_EXPIRED
687133cec715fc4fa3723dd1,660c28b0eeb115dac604d8c7,APPROVED,Not Applicable,2025-07-11T15:55:03.464000Z,2025-07-11T16:07:17.087000Z,2025-07-11T18:18:31.789000Z,2025-07-11T16:07:18.690153Z,734.0,C16TQU91,2983,43,Female,Black,United States,United States,United States,English,DATA_EXPIRED,DATA_EXPIRED
687133cedde1bf099c2d59c3,67d0a021830da9af217a23a1,APPROVED,Not Applicable,2025-07-11T15:54:58.824000Z,2025-07-11T16:05:21.390000Z,2025-07-11T18:18:32.117000Z,2025-07-11T16:05:21.869415Z,623.0,C16TQU91,841,74,Female,White,United States,United States,United States,English,No,"Not in paid work (e.g. homemaker', 'retired or disabled)"
687133cfa9c0754e24331d02,67e61c1f5c4137de3b4b0a8e,APPROVED,Not Applicable,2025-07-11T15:55:03.885000Z,2025-07-11T16:10:07.865000Z,2025-07-11T18:18:32.455000Z,2025-07-11T16:10:08.368070Z,904.0,C16TQU91,470,45,Female,White,United States,United States,United States,English,DATA_EXPIRED,Part-Time
687133cfeecc7ad5d87c2c48,67a4e94670aedc632c699fb9,APPROVED,Not Applicable,2025-07-11T15:55:00.043000Z,2025-07-11T16:05:55.094000Z,2025-07-11T18:18:33.354000Z,2025-07-11T16:05:55.531492Z,656.0,C16TQU91,775,45,Male,White,United States,United States,United States,English,No,Full-Time
687133d08ce1a8d3ceb0d53e,67acea60283b9ad009444b49,APPROVED,Not Applicable,2025-07-11T15:54:59.160000Z,2025-07-11T16:04:06.899000Z,2025-07-11T18:18:33.578000Z,2025-07-11T16:04:07.428276Z,548.0,C16TQU91,819,29,Female,White,United States,United States,United States,English,No,Full-Time
687133d20f63f301f4805edd,660584e2b830297fbbe2ecab,APPROVED,Not Applicable,2025-07-11T15:55:02.507000Z,2025-07-11T16:05:39.385000Z,2025-07-11T18:18:33.791000Z,2025-07-11T16:05:39.857849Z,637.0,C16TQU91,571,26,Male,White,United States,United States,United States,English,DATA_EXPIRED,DATA_EXPIRED
687133d48deb45d928419135,5f8b90a4b237f91824a88aeb,APPROVED,Not Applicable,2025-07-11T15:55:13.894000Z,2025-07-11T16:24:04.119000Z,2025-07-11T18:18:34.034000Z,2025-07-11T16:24:04.562520Z,1731.0,C16TQU91,8351,52,Female,White,United States,United States,United States,English,No,"Not in paid work (e.g. homemaker', 'retired or disabled)"
687133d62202941f3430349d,600e13b23c75bc67ab184745,APPROVED,Not Applicable,2025-07-11T15:55:07.239000Z,2025-07-11T16:07:43.709000Z,2025-07-11T18:18:34.273000Z,2025-07-11T16:07:44.165194Z,757.0,C16TQU91,3922,44,Female,White,United States,United States,United States,English,No,"Not in paid work (e.g. homemaker', 'retired or disabled)"
687133d6e41cbcffdce162f5,67e70a61f963fecfc78db7ab,APPROVED,Not Applicable,2025-07-11T15:55:09.033000Z,2025-07-11T16:14:18.822000Z,2025-07-11T18:18:34.529000Z,2025-07-11T16:14:19.360882Z,1150.0,C16TQU91,1329,54,Male,Asian,China,United States,United States,English,No,"Not in paid work (e.g. homemaker', 'retired or disabled)"
687133d709f72c7897da2f76,654bc148c95bca00d541ec33,APPROVED,Not Applicable,2025-07-11T15:55:08.251000Z,2025-07-11T16:05:00.736000Z,2025-07-11T18:18:34.765000Z,2025-07-11T16:05:01.180512Z,593.0,C16TQU91,3314,54,Female,White,United States,United States,United States,English,DATA_EXPIRED,DATA_EXPIRED
687133d76156c388fdc6246b,6291293b4da216ae257c1867,APPROVED,Not Applicable,2025-07-11T15:55:07.645000Z,2025-07-11T16:05:57.803000Z,2025-07-11T18:18:35.026000Z,2025-07-11T16:05:58.275128Z,651.0,C16TQU91,1226,37,Male,White,United States,United States,United States,English,DATA_EXPIRED,DATA_EXPIRED
687133d8737c5a899222e1fa,6579ff4c055fcd051ab0eb0c,APPROVED,Not Applicable,2025-07-11T15:55:13.755000Z,2025-07-11T16:04:12.796000Z,2025-07-11T18:18:35.254000Z,2025-07-11T16:04:13.230206Z,540.0,C16TQU91,1879,40,Female,White,United States,United States,United States,English,No,Full-Time
687133d92f2e8c39993abec8,660ff598a3391e9b7d8feab4,APPROVED,Not Applicable,2025-07-11T15:56:42.459000Z,2025-07-11T16:12:58.309000Z,2025-07-11T18:18:35.530000Z,2025-07-11T16:12:58.734223Z,976.0,C16TQU91,2040,54,Male,Black,United States,United States,United States,English,No,Full-Time
687133d94ba6f62fff30ca6e,63bcbf7e0ac7e876387ef720,APPROVED,Not Applicable,2025-07-11T15:55:16.748000Z,2025-07-11T16:08:23.850000Z,2025-07-11T18:18:35.750000Z,2025-07-11T16:08:24.343277Z,788.0,C16TQU91,5691,72,Male,White,United States,United States,United States,English,DATA_EXPIRED,DATA_EXPIRED
687133db5ff4234677dffca7,6640bfba7d66f58accbe7d48,RETURNED,Not Applicable,2025-07-11T15:55:11.271000Z,,,2025-12-17T15:11:49.298897Z,,,391,CONSENT_REVOKED,CONSENT_REVOKED,CONSENT_REVOKED,CONSENT_REVOKED,CONSENT_REVOKED,CONSENT_REVOKED,CONSENT_REVOKED,CONSENT_REVOKED,CONSENT_REVOKED
687133db7277be5e98215acd,5abe4f25fa3b4e000173303f,APPROVED,Not Applicable,2025-07-11T15:55:12.395000Z,2025-07-11T16:14:01.745000Z,2025-07-11T18:18:35.986000Z,2025-07-11T16:14:02.190240Z,1130.0,C16TQU91,5296,59,Female,White,United States,United States,United States,English,DATA_EXPIRED,DATA_EXPIRED
687133dc2f4deab875543f53,63d15407ce785edec3ee00c6,APPROVED,Not Applicable,2025-07-11T15:55:12.115000Z,2025-07-11T16:06:12.596000Z,2025-07-11T18:18:36.210000Z,2025-07-11T16:06:13.075680Z,661.0,C16TQU91,4533,53,Female,Other,United States,United States,United States,English,No,Full-Time
687133dc9f9cdff32629d543,65ca7b52b557f4aa965301ef,APPROVED,Not Applicable,2025-07-11T15:55:14.070000Z,2025-07-11T16:09:42.095000Z,2025-07-11T18:18:36.496000Z,2025-07-11T16:09:42.588555Z,869.0,C16TQU91,2648,42,Female,Black,United States,United States,United States,English,Yes,Other
687133dd46ad29a39573b68a,67ac95764f3091a540c69b5b,APPROVED,Not Applicable,2025-07-11T15:55:13.877000Z,2025-07-11T16:07:24.136000Z,2025-07-11T18:18:36.919000Z,2025-07-11T16:07:24.572524Z,731.0,C16TQU91,746,25,Female,Other,United States,United States,United States,English,Yes,Full-Time
687133dd796edf677f5b827d,67a3d7630e4bb8e956829fca,APPROVED,Not Applicable,2025-07-11T15:55:15.747000Z,2025-07-11T16:04:15.113000Z,2025-07-11T18:18:37.166000Z,2025-07-11T16:04:15.588984Z,540.0,C16TQU91,1481,69,Male,White,United States,United States,United States,English,No,Part-Time
687133dd7b4610abdd9b2813,612e3a35cdff046df8021629,APPROVED,Not Applicable,2025-07-11T15:55:15.660000Z,2025-07-11T16:05:55.799000Z,2025-07-11T18:18:37.410000Z,2025-07-11T16:05:56.289030Z,641.0,C16TQU91,662,31,Female,White,United States,United States,United States,English,DATA_EXPIRED,DATA_EXPIRED
687133de217d60ce08f29283,5dd3bfcd8b8df139ce007928,RETURNED,Not Applicable,2025-07-11T15:55:57.395000Z,,,2025-12-17T15:11:49.299840Z,,,10102,CONSENT_REVOKED,CONSENT_REVOKED,CONSENT_REVOKED,CONSENT_REVOKED,CONSENT_REVOKED,CONSENT_REVOKED,CONSENT_REVOKED,CONSENT_REVOKED,CONSENT_REVOKED
687133de2a5a151380478021,5e9f2cd17c41440a2855a88e,APPROVED,Not Applicable,2025-07-11T15:55:15.081000Z,2025-07-11T16:08:13.938000Z,2025-07-11T18:18:37.658000Z,2025-07-11T16:08:14.561313Z,779.0,C16TQU91,2758,38,Female,White,United States,United States,United States,English,DATA_EXPIRED,DATA_EXPIRED
687133de9f9cdff32629d545,678582a444b790d8c4c5cc1c,APPROVED,Not Applicable,2025-07-11T15:55:18.264000Z,2025-07-11T16:07:13.338000Z,2025-07-11T18:18:37.885000Z,2025-07-11T16:07:16.768078Z,716.0,C16TQU91,377,66,Female,White,United States,United States,United States,English,No,Part-Time
687133df7454d9afbac7a3a4,662939026740389d07b16f23,APPROVED,Not Applicable,2025-07-11T15:55:16.029000Z,2025-07-11T16:04:09.835000Z,2025-07-11T18:18:38.111000Z,2025-07-11T16:04:10.272529Z,534.0,C16TQU91,1063,52,Male,White,United States,United States,United States,English,No,Full-Time
687133e2737dec5d010ede69,62cc4627b5f80e3f1419b735,APPROVED,Not Applicable,2025-07-11T16:00:26.912000Z,2025-07-11T16:15:25.961000Z,2025-07-11T18:18:38.346000Z,2025-07-11T16:15:26.681576Z,900.0,C16TQU91,5296,29,Male,Black,United States,United States,United States,English,No,Full-Time
687133e47d5f9b7fa591894f,671a49f097ed9a0a68519d16,APPROVED,Not Applicable,2025-07-11T15:55:25.529000Z,2025-07-11T16:07:41.244000Z,2025-07-11T18:18:38.836000Z,2025-07-11T16:07:42.025152Z,736.0,C16TQU91,953,46,Female,Black,United States,United States,United States,English,DATA_EXPIRED,Other
687133e5767829d908ddd83f,66041eef8bb7bb7f12624252,RETURNED,Not Applicable,2025-07-11T15:55:21.286000Z,,,2025-12-17T15:11:49.305298Z,,,2712,CONSENT_REVOKED,CONSENT_REVOKED,CONSENT_REVOKED,CONSENT_REVOKED,CONSENT_REVOKED,CONSENT_REVOKED,CONSENT_REVOKED,CONSENT_REVOKED,CONSENT_REVOKED
687133e9251b6d52bd83d33f,561d98e03d7fe8000b0f5e09,APPROVED,Not Applicable,2025-07-11T15:55:28.635000Z,2025-07-11T16:09:54.723000Z,2025-07-11T18:18:39.207000Z,2025-07-11T16:09:55.463951Z,867.0,C16TQU91,9025,67,Female,White,United States,United States,United States,English,DATA_EXPIRED,DATA_EXPIRED
687133e9784b44f2884e4455,66d3474831981698998d053c,APPROVED,Not Applicable,2025-07-11T15:55:26.512000Z,2025-07-11T16:09:55.800000Z,2025-07-11T18:18:39.550000Z,2025-07-11T16:09:56.262947Z,870.0,C16TQU91,196,56,Male,Mixed,United States,United States,United States,English,No,Part-Time
687133ee0d6c2f325a706ea4,67055d0ecc3bc206b44f3d91,APPROVED,Not Applicable,2025-07-11T15:55:29.399000Z,2025-07-11T16:09:40.104000Z,2025-07-11T18:17:16.822000Z,2025-07-11T16:09:40.586749Z,851.0,C16TQU91,155,44,Male,Black,Peru,United States,United States,English,DATA_EXPIRED,DATA_EXPIRED
687133eff1a802d4351e5092,677dc8b2a9160d395ca7e008,APPROVED,Not Applicable,2025-07-11T15:56:02.807000Z,2025-07-11T16:15:04.929000Z,2025-07-11T18:17:17.106000Z,2025-07-11T16:15:05.357417Z,1143.0,C16TQU91,1216,20,Female,White,United States,United States,United States,English,Yes,Full-Time
687133f19889bb0f2bb3acca,670e3c70da3334b19d83bebc,APPROVED,Not Applicable,2025-07-11T15:55:29.608000Z,2025-07-11T16:06:39.040000Z,2025-07-11T18:17:17.352000Z,2025-07-11T16:06:39.499025Z,670.0,C16TQU91,1687,50,Male,White,United States,United States,United States,English,DATA_EXPIRED,DATA_EXPIRED
687133f2d82db1e8beb9bd98,678904b26fba7049eed335b1,APPROVED,Not Applicable,2025-07-11T15:55:34.242000Z,2025-07-11T16:02:38.524000Z,2025-07-11T18:17:17.574000Z,2025-07-11T16:02:39.007867Z,425.0,C16TQU91,54,20,Female,White,United States,United States,United States,English,Yes,Full-Time
687133f2e43cdeb68c00c5cd,68346ebddd7080a8b1920444,APPROVED,Not Applicable,2025-07-11T15:55:35.592000Z,2025-07-11T16:07:25.944000Z,2025-07-11T18:17:17.802000Z,2025-07-11T16:07:26.499144Z,711.0,C16TQU91,811,38,Female,DATA_EXPIRED,United States,United States,United States,English,No,Full-Time
687133f4beed0d729afa97aa,67e1da8a432675c0e850e8d1,APPROVED,Not Applicable,2025-07-11T15:55:39.372000Z,2025-07-11T16:15:16.066000Z,2025-07-11T18:17:18.027000Z,2025-07-11T16:15:16.486022Z,1177.0,C16TQU91,756,41,DATA_EXPIRED,White,United States,United States,United States,English,DATA_EXPIRED,Full-Time
687133fa483cc9c76e56f993,6653ae434d386b6218f51efb,APPROVED,Not Applicable,2025-07-11T15:55:41.428000Z,2025-07-11T16:11:03.776000Z,2025-07-11T18:17:18.245000Z,2025-07-11T16:11:04.180052Z,923.0,C16TQU91,2560,76,Female,White,United States,United States,United States,English,No,Part-Time
687133fcd3beb1920189c031,65831ec7a0cb41561b8e43e9,APPROVED,Not Applicable,2025-07-11T15:55:47.785000Z,2025-07-11T16:15:15.269000Z,2025-07-11T18:17:18.504000Z,2025-07-11T16:15:15.673279Z,1168.0,C16TQU91,2692,30,Female,Black,United States,United States,United States,English,DATA_EXPIRED,DATA_EXPIRED
687133fec4e9816b1bcae047,66857cc20736230620552dbc,APPROVED,Not Applicable,2025-07-11T15:55:47.829000Z,2025-07-11T16:06:10.634000Z,2025-07-11T18:17:18.725000Z,2025-07-11T16:06:11.111088Z,623.0,C16TQU91,2036,54,Female,White,United States,United States,United States,English,DATA_EXPIRED,DATA_EXPIRED
687133fffb82da1551c6c105,6764e7d8f4da0156234521ff,APPROVED,Not Applicable,2025-07-11T15:55:47.234000Z,2025-07-11T16:05:20.407000Z,2025-07-11T18:17:18.952000Z,2025-07-11T16:05:20.906214Z,574.0,C16TQU91,33,26,Female,White,United States,United States,United States,English,No,Unemployed (and job seeking)
68713401029fe84b7afdffaa,668e8d558747a79e56b4b140,APPROVED,Not Applicable,2025-07-11T15:57:10.510000Z,2025-07-11T16:08:53.682000Z,2025-07-11T18:17:19.200000Z,2025-07-11T16:08:54.112135Z,704.0,C16TQU91,543,30,Female,Asian,United States,United States,United States,English,No,Full-Time
68713403f2fe84bb2395d55b,67422490af05a6a97111c3aa,APPROVED,Not Applicable,2025-07-11T15:55:53.557000Z,2025-07-11T16:05:33.582000Z,2025-07-11T18:17:19.459000Z,2025-07-11T16:05:34.041844Z,581.0,C16TQU91,334,51,Female,White,United States,United States,United States,English,No,Full-Time
68713404da476c60231d8186,671bdd06525adeea062a1d73,APPROVED,Not Applicable,2025-07-11T15:55:50.506000Z,2025-07-11T16:09:53.188000Z,2025-07-11T18:17:19.677000Z,2025-07-11T16:09:53.712006Z,843.0,C16TQU91,2022,28,Male,Asian,United States,United States,India,English,Yes,Part-Time
68713407937b16b2a1c00849,5ef3e3c01ece121907ee721a,APPROVED,Not Applicable,2025-07-11T15:55:55.464000Z,2025-07-11T16:08:05.110000Z,2025-07-11T18:17:19.936000Z,2025-07-11T16:08:06.002394Z,730.0,C16TQU91,1056,62,Male,White,United States,United States,United States,English,No,DATA_EXPIRED
68713408439d24cfd5c47179,66ec53081cee4673ae883dce,APPROVED,Not Applicable,2025-07-11T15:55:52.360000Z,2025-07-11T16:13:55.394000Z,2025-07-11T18:17:20.168000Z,2025-07-11T16:13:55.860000Z,1084.0,C16TQU91,2103,29,Male,Other,United States,United States,United States,English,DATA_EXPIRED,DATA_EXPIRED
6871340b9d5ec1aff7d00ca0,671fb7534780312b6355a4c1,APPROVED,Not Applicable,2025-07-11T15:55:55.684000Z,2025-07-11T16:20:24.328000Z,2025-07-11T18:17:20.408000Z,2025-07-11T16:20:24.745535Z,1469.0,C16TQU91,1534,50,Male,Asian,Vietnam,United States,United States,English,DATA_EXPIRED,DATA_EXPIRED
6871341d4f3e3ca930fbca3b,62b9c2f1e55fe9f17dfedc5d,APPROVED,Not Applicable,2025-07-11T15:57:07.331000Z,2025-07-11T16:10:28.112000Z,2025-07-11T18:17:20.641000Z,2025-07-11T16:10:28.532922Z,801.0,C16TQU91,8099,46,Female,Black,United States,United States,United States,English,DATA_EXPIRED,Unemployed (and job seeking)
6871341f1725eb236e4b31b7,6719b13c3874488b94471614,APPROVED,Not Applicable,2025-07-11T15:56:18.551000Z,2025-07-11T16:04:56.197000Z,2025-07-11T18:17:20.873000Z,2025-07-11T16:04:56.663794Z,518.0,C16TQU91,143,20,Male,Asian,United States,United States,United States,English,DATA_EXPIRED,DATA_EXPIRED
6871342dc6ae1b96830b5693,66bb8f069b5f440e783d848e,APPROVED,Not Applicable,2025-07-11T15:56:34.944000Z,2025-07-11T16:22:27.219000Z,2025-07-11T18:17:21.106000Z,2025-07-11T16:22:27.648619Z,1553.0,C16TQU91,1417,54,Female,White,United States,United States,United States,English,No,"Not in paid work (e.g. homemaker', 'retired or disabled)"
68713433b2c11bb139fd0dfe,657b80c8ff78a49936e4cff3,APPROVED,Not Applicable,2025-07-11T15:56:40.864000Z,2025-07-11T16:12:55.056000Z,2025-07-11T18:17:21.340000Z,2025-07-11T16:12:55.460262Z,975.0,C16TQU91,2654,38,Female,Black,United States,United States,United States,English,DATA_EXPIRED,Unemployed (and job seeking)
68713436d0a8463b72e9269e,662bbef225ebc8c6520e5ea7,APPROVED,Not Applicable,2025-07-11T15:56:46.375000Z,2025-07-11T16:09:05.623000Z,2025-07-11T18:17:21.584000Z,2025-07-11T16:09:06.087157Z,740.0,C16TQU91,359,52,Female,White,United States,United States,United States,English,DATA_EXPIRED,Full-Time
68713438ea19faaba3ed19dd,67f192f32211291a2f12f1f8,APPROVED,Not Applicable,2025-07-11T15:56:47.134000Z,2025-07-11T16:08:17.638000Z,2025-07-11T18:17:21.837000Z,2025-07-11T16:08:18.078973Z,691.0,C16TQU91,214,36,Female,White,United States,United States,United States,English,No,Part-Time
6871344115ca6bfa1fe6a5bb,5cbe04b4f429ff00159de30e,APPROVED,Not Applicable,2025-07-11T15:56:48.998000Z,2025-07-11T16:08:02.147000Z,2025-07-11T18:17:22.068000Z,2025-07-11T16:08:02.968336Z,674.0,C16TQU91,13102,39,Female,Black,Zimbabwe,United States,United States,English,DATA_EXPIRED,DATA_EXPIRED
687134450002f375b34c6ee7,663a8a591f436a85bb4d90c2,APPROVED,Not Applicable,2025-07-11T16:05:27.059000Z,2025-07-11T16:20:59.338000Z,2025-07-11T18:17:22.283000Z,2025-07-11T16:20:59.745297Z,933.0,C16TQU91,2591,72,Female,Black,United States,United States,United States,English,No,"Not in paid work (e.g. homemaker', 'retired or disabled)"
687134481bf135a7282f24e2,66821bd8c0252a33b4c4390f,APPROVED,Not Applicable,2025-07-11T15:57:01.039000Z,2025-07-11T16:09:20.349000Z,2025-07-11T18:17:22.554000Z,2025-07-11T16:09:20.834116Z,740.0,C16TQU91,3518,49,Male,White,United States,United States,United States,English,DATA_EXPIRED,Full-Time
6871344bcb191b745f2c9a9c,66b799c39798fd79dd188ed0,APPROVED,Not Applicable,2025-07-11T15:57:01.744000Z,2025-07-11T16:07:23.670000Z,2025-07-11T18:17:22.834000Z,2025-07-11T16:07:24.149729Z,622.0,C16TQU91,1197,56,Female,White,United States,United States,United States,English,No,Unemployed (and job seeking)
6871344e95600116da93d65b,66a02d45a7db35d93c9f6a81,APPROVED,Not Applicable,2025-07-11T15:57:06.321000Z,2025-07-11T16:12:02.838000Z,2025-07-11T18:17:23.081000Z,2025-07-11T16:12:03.245345Z,897.0,C16TQU91,3080,26,Male,White,United States,United States,United States,English,Yes,Full-Time
6871344f8ce556974df281a8,66114844b8efff4b2af276ec,APPROVED,Not Applicable,2025-07-11T15:57:07.360000Z,2025-07-11T16:06:30.140000Z,2025-07-11T18:17:23.321000Z,2025-07-11T16:06:30.629949Z,563.0,C16TQU91,2099,63,Female,White,United States,United States,United States,English,DATA_EXPIRED,DATA_EXPIRED
68713451c326fa0af10ab7fe,611bef869f91f800ad3b193e,APPROVED,Not Applicable,2025-07-11T15:57:12.228000Z,2025-07-11T16:12:10.203000Z,2025-07-11T18:17:23.586000Z,2025-07-11T16:12:10.596778Z,898.0,C16TQU91,4939,75,Female,White,United States,United States,United States,English,DATA_EXPIRED,DATA_EXPIRED
68713451ec65882c99d4541c,667a2a09c4912ebdc9078387,APPROVED,Not Applicable,2025-07-11T15:57:07.940000Z,2025-07-11T16:10:51.573000Z,2025-07-11T18:17:23.837000Z,2025-07-11T16:10:52.024121Z,824.0,C16TQU91,3248,27,Male,White,United States,United States,United States,English,No,Full-Time
68713451fdac83be8740772e,6758947c0ae39461d9fc6987,RETURNED,Not Applicable,2025-07-11T15:57:10.541000Z,,,2025-12-17T15:11:49.301197Z,,,950,CONSENT_REVOKED,CONSENT_REVOKED,CONSENT_REVOKED,CONSENT_REVOKED,CONSENT_REVOKED,CONSENT_REVOKED,CONSENT_REVOKED,CONSENT_REVOKED,CONSENT_REVOKED
68713453260421796927c392,5e45a09c8155b00828c83d95,APPROVED,Not Applicable,2025-07-11T15:57:20.407000Z,2025-07-11T16:13:46.717000Z,2025-07-11T18:17:24.082000Z,2025-07-11T16:13:47.092817Z,987.0,C16TQU91,562,27,Male,Other,United States,United States,United States,English,DATA_EXPIRED,DATA_EXPIRED
68713454878e23fed09fdd9c,57529fbc947a3d0007b53d1d,APPROVED,Not Applicable,2025-07-11T15:57:13.695000Z,2025-07-11T16:06:55.544000Z,2025-07-11T18:17:24.309000Z,2025-07-11T16:06:56.050570Z,582.0,C16TQU91,914,36,Female,White,United States,United States,Ireland,English,DATA_EXPIRED,DATA_EXPIRED
68713455cebe2b0feb13815f,6751aca3df77a73a16f32127,APPROVED,Not Applicable,2025-07-11T15:57:14.169000Z,2025-07-11T16:08:22.084000Z,2025-07-11T18:17:24.567000Z,2025-07-11T16:08:22.594591Z,668.0,C16TQU91,371,25,Female,White,United States,United States,United States,English,DATA_EXPIRED,DATA_EXPIRED
68713456d94b63cd00012d72,63a2844c9d6acbec7228a420,APPROVED,Not Applicable,2025-07-11T15:57:15.382000Z,2025-07-11T16:11:01.211000Z,2025-07-11T18:17:24.848000Z,2025-07-11T16:11:01.625707Z,826.0,C16TQU91,6651,53,Female,Black,Nigeria,United States,United States,English,DATA_EXPIRED,Full-Time
68713456df11246d75682723,607a7b7d300ce256f51706bd,APPROVED,Not Applicable,2025-07-11T15:57:15.507000Z,2025-07-11T16:21:04.171000Z,2025-07-11T18:17:25.141000Z,2025-07-11T16:21:04.602681Z,1429.0,C16TQU91,6469,37,Male,Other,United States,United States,United States,English,Yes,Full-Time
68713457a421591736552327,633c74ad6178784ed5b52104,APPROVED,Not Applicable,2025-07-11T15:57:20.082000Z,2025-07-11T16:04:59.655000Z,2025-07-11T18:17:25.369000Z,2025-07-11T16:05:00.112642Z,460.0,C16TQU91,6663,28,Male,Other,United States,United States,United States,English,DATA_EXPIRED,DATA_EXPIRED
687134580154c990b0ad7cec,67d187f13384c3052612cca3,APPROVED,Not Applicable,2025-07-11T15:57:18.815000Z,2025-07-11T16:10:02.711000Z,2025-07-11T18:17:25.595000Z,2025-07-11T16:10:03.188654Z,764.0,C16TQU91,1120,39,Male,White,United States,United States,United States,English,Yes,Unemployed (and job seeking)
68713458320cec7fd8f02af9,610971ac8159690397a047c5,APPROVED,Not Applicable,2025-07-11T15:57:16.510000Z,2025-07-11T16:09:38.036000Z,2025-07-11T18:17:25.828000Z,2025-07-11T16:09:38.453704Z,742.0,C16TQU91,2532,33,Female,White,United States,United States,United States,English,DATA_EXPIRED,DATA_EXPIRED
68713458e4df888bdfed1e4e,6133a95623ae6ddc6ee4d53f,RETURNED,Not Applicable,2025-07-11T16:00:41.466000Z,,,2025-12-17T15:11:49.307116Z,,,1917,CONSENT_REVOKED,CONSENT_REVOKED,CONSENT_REVOKED,CONSENT_REVOKED,CONSENT_REVOKED,CONSENT_REVOKED,CONSENT_REVOKED,CONSENT_REVOKED,CONSENT_REVOKED
6871345af9d1fa4c80f2ae53,58a53fd327c3bb00014e74e2,RETURNED,Not Applicable,2025-07-11T15:57:20.503000Z,,,2025-12-17T15:11:49.307008Z,,,3924,CONSENT_REVOKED,CONSENT_REVOKED,CONSENT_REVOKED,CONSENT_REVOKED,CONSENT_REVOKED,CONSENT_REVOKED,CONSENT_REVOKED,CONSENT_REVOKED,CONSENT_REVOKED
6871345b91a2c0145fde7e7b,67ccc62a623f466a4ad19371,APPROVED,Not Applicable,2025-07-11T15:57:25.136000Z,2025-07-11T16:12:24.842000Z,2025-07-11T18:17:26.042000Z,2025-07-11T16:12:25.284982Z,900.0,C16TQU91,598,50,Male,Black,United States,United States,United States,English,No,Full-Time
6871345bab8ef137bdb3844d,579fbb4a6f13c2000174aafc,TIMED-OUT,Not Applicable,2025-07-11T15:57:19.332000Z,,,2025-12-17T15:11:49.314713Z,13734871.0,,2755,32,Male,White,United States,United States,United States,English,DATA_EXPIRED,DATA_EXPIRED
6871345d79463bc856fe028b,67e83d28be5802df7311aec4,APPROVED,Not Applicable,2025-07-11T15:57:58.504000Z,2025-07-11T16:15:27.135000Z,2025-07-11T18:17:26.282000Z,2025-07-11T16:15:27.581219Z,1049.0,C16TQU91,318,47,Female,White,United States,United States,United States,English,Yes,Part-Time
6871345df937d66b02ba59ec,5f3153a6180dcf0d8dd72a45,APPROVED,Not Applicable,2025-07-11T16:02:59.072000Z,2025-07-11T16:25:45.996000Z,2025-07-11T18:17:26.910000Z,2025-07-11T16:25:46.403807Z,1367.0,C16TQU91,8959,41,Male,White,United States,United States,United States,English,No,DATA_EXPIRED
6871345e88332d67978d3c54,546e3778fdf99b2bc7ebcff6,APPROVED,Not Applicable,2025-07-11T15:57:24.986000Z,2025-07-11T16:13:44.811000Z,2025-07-11T18:17:27.139000Z,2025-07-11T16:13:45.208759Z,980.0,C16TQU91,9725,78,Female,White,United States,United States,United States,English,No,"Not in paid work (e.g. homemaker', 'retired or disabled)"
6871345f40552c8061ee1af3,63d698af12a4d488c5fdf05a,APPROVED,Not Applicable,2025-07-11T15:57:24.187000Z,2025-07-11T16:10:22.115000Z,2025-07-11T18:17:27.396000Z,2025-07-11T16:10:22.549321Z,778.0,C16TQU91,5889,38,Male,White,United States,United States,United States,English,No,Unemployed (and job seeking)
687134601685bde1fa8fede6,6564fa10de4976d2bd35c0c1,APPROVED,Not Applicable,2025-07-11T15:57:27.532000Z,2025-07-11T16:09:25.415000Z,2025-07-11T18:17:27.655000Z,2025-07-11T16:09:25.862378Z,718.0,C16TQU91,2424,48,Female,Asian,Japan,United States,United States,English,DATA_EXPIRED,DATA_EXPIRED
687134639cb70adb6ecafdfe,651ed17c366df83eeabae9dd,APPROVED,Not Applicable,2025-07-11T15:57:34.035000Z,2025-07-11T16:05:55.842000Z,2025-07-11T18:17:27.938000Z,2025-07-11T16:05:56.282424Z,502.0,C16TQU91,2626,56,Female,White,United States,United States,United States,English,DATA_EXPIRED,DATA_EXPIRED
68713463f04e82eb77afd3d6,6547bf8012d4702680d55663,APPROVED,Not Applicable,2025-07-11T15:58:09.543000Z,2025-07-11T16:05:53.392000Z,2025-07-11T18:17:28.231000Z,2025-07-11T16:05:53.878213Z,464.0,C16TQU91,2716,23,Prefer not to say,White,United States,United States,United States,English,Yes,"Not in paid work (e.g. homemaker', 'retired or disabled)"
68713464c17620bc35e1257f,6655c26b3febe837edb0fe02,APPROVED,Not Applicable,2025-07-11T15:57:28.133000Z,2025-07-11T16:09:47.452000Z,2025-07-11T18:17:28.494000Z,2025-07-11T16:09:47.978387Z,740.0,C16TQU91,1058,43,Female,White,United States,United States,United States,English,DATA_EXPIRED,Part-Time
6871346543d607505595aaa2,5d7eb63f85d34b0017658143,RETURNED,Not Applicable,2025-07-11T15:57:32.271000Z,,,2025-12-17T15:11:49.308786Z,,,3055,CONSENT_REVOKED,CONSENT_REVOKED,CONSENT_REVOKED,CONSENT_REVOKED,CONSENT_REVOKED,CONSENT_REVOKED,CONSENT_REVOKED,CONSENT_REVOKED,CONSENT_REVOKED
6871346566ad5b507ee84454,5a0efb83ab721b0001ef8509,APPROVED,Not Applicable,2025-07-11T15:57:30.968000Z,2025-07-11T16:08:06.248000Z,2025-07-11T18:17:28.763000Z,2025-07-11T16:08:06.720598Z,636.0,C16TQU91,7264,70,Male,White,United States,United States,United States,English,No,"Not in paid work (e.g. homemaker', 'retired or disabled)"
687134657c353aa812afea5b,663cd2a752052a401309afa1,APPROVED,Not Applicable,2025-07-11T15:57:28.929000Z,2025-07-11T16:08:47.023000Z,2025-07-11T18:17:29.041000Z,2025-07-11T16:08:47.474128Z,679.0,C16TQU91,1512,35,Male,Mixed,United States,United States,United States,English,No,Full-Time
68713468ce7ff12cdcbe4254,60d22e68bb03e1da436b8b7c,APPROVED,Not Applicable,2025-07-11T15:57:39.449000Z,2025-07-11T16:09:25.479000Z,2025-07-11T18:17:29.271000Z,2025-07-11T16:09:25.949158Z,707.0,C16TQU91,908,51,Female,White,United States,United States,United States,English,DATA_EXPIRED,DATA_EXPIRED
68713473c4c871ac9fb0112e,67d47bef1b8777e754726be0,APPROVED,Not Applicable,2025-07-11T15:57:39.383000Z,2025-07-11T16:15:15.389000Z,2025-07-11T18:17:29.556000Z,2025-07-11T16:15:15.821782Z,1057.0,C16TQU91,2169,54,Female,White,United States,United States,United States,English,No,Full-Time
6871347917a5ba0b9df47dbe,5ff591cba89e1b000bfb9852,APPROVED,Not Applicable,2025-07-11T15:58:34.232000Z,2025-07-11T16:06:38.947000Z,2025-07-11T18:17:29.812000Z,2025-07-11T16:06:39.434500Z,485.0,C16TQU91,11732,39,Male,White,United States,United States,United States,English,No,Full-Time
6871347c00c5fa7775c47757,66d91c5d35abe9264e30dcfa,APPROVED,Not Applicable,2025-07-11T15:57:52.709000Z,2025-07-11T16:07:13.935000Z,2025-07-11T18:17:30.060000Z,2025-07-11T16:07:17.152904Z,562.0,C16TQU91,54,22,Female,Mixed,United States,United States,United States,English,DATA_EXPIRED,DATA_EXPIRED
6871348ed6ef3700ad04fdd3,63e55887d67a5c7e32a678fa,APPROVED,Not Applicable,2025-07-11T15:58:11.949000Z,2025-07-11T16:08:34.782000Z,2025-07-11T18:17:30.321000Z,2025-07-11T16:08:35.247763Z,623.0,C16TQU91,3201,43,Female,White,United States,United States,United States,English,No,Full-Time
6871349efcdd328734c6c038,66805f486ae4ada5289839e3,APPROVED,Not Applicable,2025-07-11T15:58:26.027000Z,2025-07-11T16:10:04.503000Z,2025-07-11T18:17:30.542000Z,2025-07-11T16:10:05.124315Z,699.0,C16TQU91,2335,35,Male,Black,United States,United States,United States,English,DATA_EXPIRED,DATA_EXPIRED
6871349faaf8fc6b7c5b8412,669a8a113c058df5b00aa6df,APPROVED,Not Applicable,2025-07-11T15:58:28.441000Z,2025-07-11T16:08:17.779000Z,2025-07-11T18:17:30.775000Z,2025-07-11T16:08:18.227321Z,590.0,C16TQU91,2375,33,Male,White,United States,United States,Turkey,English,No,Full-Time
687134cbc72bf8d5094788b6,66464f86ac64009eb910c2f4,APPROVED,Not Applicable,2025-07-11T15:59:11.507000Z,2025-07-11T16:09:05.571000Z,2025-07-11T18:17:31.033000Z,2025-07-11T16:09:05.998480Z,595.0,C16TQU91,1184,20,Female,White,United States,United States,United States,English,Yes,Other
687134d10d6c2f325a706ef0,65fcc10f1b8021c98cace561,APPROVED,Not Applicable,2025-07-11T15:59:20.511000Z,2025-07-11T16:12:05.446000Z,2025-07-11T18:17:31.276000Z,2025-07-11T16:12:05.963801Z,765.0,C16TQU91,2362,61,Female,White,Cuba,United States,United States,English,No,Full-Time
687134d13645552bf27dc277,62b9bd2b93657665bf0fc91d,APPROVED,Not Applicable,2025-07-11T15:59:17.082000Z,2025-07-11T16:23:35.676000Z,2025-07-11T18:17:31.562000Z,2025-07-11T16:23:36.093607Z,1459.0,C16TQU91,2168,28,Female,White,United Kingdom,United States,United Kingdom,English,No,Full-Time
687135125ff4234677dffd0a,673a827a553d8c3fb90610a1,RETURNED,Not Applicable,2025-07-11T16:00:25.885000Z,,,2025-12-17T15:11:49.314776Z,,,2573,CONSENT_REVOKED,CONSENT_REVOKED,CONSENT_REVOKED,CONSENT_REVOKED,CONSENT_REVOKED,CONSENT_REVOKED,CONSENT_REVOKED,CONSENT_REVOKED,CONSENT_REVOKED
6871352b4aaca2cd774a923b,614f2de48a5fdf9347f1cd4e,RETURNED,Not Applicable,2025-07-11T16:00:49.930000Z,,,2025-12-17T15:11:49.314038Z,,,2674,CONSENT_REVOKED,CONSENT_REVOKED,CONSENT_REVOKED,CONSENT_REVOKED,CONSENT_REVOKED,CONSENT_REVOKED,CONSENT_REVOKED,CONSENT_REVOKED,CONSENT_REVOKED
6871352c2a90c5da1133ae40,663e3c2870a87bac315ac450,APPROVED,Not Applicable,2025-07-11T16:00:46.744000Z,2025-07-11T16:08:08.179000Z,2025-07-11T18:17:31.799000Z,2025-07-11T16:08:08.648764Z,442.0,C16TQU91,2014,28,Female,White,United States,United States,United States,English,Yes,Full-Time
687135320a791966dd233d48,558980cdfdf99b7ae47f5a75,RETURNED,Not Applicable,2025-07-11T16:03:34.233000Z,,,2025-12-17T15:11:49.312932Z,,,3527,CONSENT_REVOKED,CONSENT_REVOKED,CONSENT_REVOKED,CONSENT_REVOKED,CONSENT_REVOKED,CONSENT_REVOKED,CONSENT_REVOKED,CONSENT_REVOKED,CONSENT_REVOKED
687135427d5f9b7fa59189a5,67e79b8eb309a37a7c53d3d3,APPROVED,Not Applicable,2025-07-11T16:01:14.527000Z,2025-07-11T16:16:46.825000Z,2025-07-11T18:17:31.999000Z,2025-07-11T16:16:47.279624Z,933.0,C16TQU91,750,24,Male,White,United States,United States,United States,English,DATA_EXPIRED,Part-Time
6871354d6c363e5ff22f00d5,579181fa913c71000197531b,APPROVED,Not Applicable,2025-07-11T16:01:24.119000Z,2025-07-11T16:14:13.661000Z,2025-07-11T18:17:32.214000Z,2025-07-11T16:14:14.080869Z,770.0,C16TQU91,3448,49,Female,White,United States,United States,United States,English,DATA_EXPIRED,DATA_EXPIRED
6871354eff4f9073128d999f,67d19fa5529a76fabbfbab57,APPROVED,Not Applicable,2025-07-11T16:01:18.112000Z,2025-07-11T16:37:56.995000Z,2025-07-11T18:17:32.417000Z,2025-07-11T16:40:59.955205Z,2199.0,C16TQU91,887,39,Female,Other,United States,United States,United States,English,No,Full-Time
6871354f17a5ba0b9df47e10,6527f153bea7b2d7c0d556e4,APPROVED,Not Applicable,2025-07-11T16:01:25.970000Z,2025-07-11T16:12:06.664000Z,2025-07-11T18:17:32.663000Z,2025-07-11T16:12:07.091286Z,641.0,C16TQU91,2082,20,Male,Asian,United States,United States,India,English,Yes,Part-Time
68713552756306b1e95fad67,63d546d88ccf3a038620bb8c,APPROVED,Not Applicable,2025-07-11T16:01:25.618000Z,2025-07-11T16:09:48.854000Z,2025-07-11T18:17:32.899000Z,2025-07-11T16:09:49.343376Z,504.0,C16TQU91,1104,29,Female,White,United States,United States,United States,English,No,Full-Time
687135542a90c5da1133ae4e,67fd4e102dd892b2821e4f33,APPROVED,Not Applicable,2025-07-11T16:01:39.900000Z,2025-07-11T16:13:56.548000Z,2025-07-11T18:17:33.129000Z,2025-07-11T16:13:56.964717Z,737.0,C16TQU91,730,28,Female,Black,United States,United States,United States,English,Yes,Full-Time
6871355895600116da93d6ae,565c931eba63db00051cd52d,APPROVED,Not Applicable,2025-07-11T16:01:37.383000Z,2025-07-11T16:13:35.101000Z,2025-07-11T18:17:33.407000Z,2025-07-11T16:13:35.598862Z,718.0,C16TQU91,5027,32,Male,White,United States,United States,United States,English,DATA_EXPIRED,DATA_EXPIRED
6871355cb0287b00974130e0,59dc4083ae9f950001d83b4b,APPROVED,Not Applicable,2025-07-11T16:01:36.763000Z,2025-07-11T16:15:13.334000Z,2025-07-11T18:17:33.686000Z,2025-07-11T16:15:13.747088Z,817.0,C16TQU91,6396,52,Female,White,United States,United States,United States,English,No,Full-Time
68713586536d0665f033aad7,630a8feaa8eef385f72dc1a5,APPROVED,Not Applicable,2025-07-11T16:02:17.179000Z,2025-07-11T16:19:40.698000Z,2025-07-11T18:17:33.935000Z,2025-07-11T16:19:41.118809Z,1044.0,C16TQU91,7697,37,Male,Asian,Pakistan,United States,United States,English,No,DATA_EXPIRED
687135b657af6e66611da999,62e0532289a4e5d9fedadde1,APPROVED,Not Applicable,2025-07-11T16:03:06.202000Z,2025-07-11T16:14:03.929000Z,2025-07-11T18:17:34.187000Z,2025-07-11T16:14:04.366017Z,658.0,C16TQU91,8824,42,Male,White,United States,United States,United States,English,DATA_EXPIRED,DATA_EXPIRED
687135c15324296e372e8fec,678c5d733f5484a759abaad1,APPROVED,Not Applicable,2025-07-11T16:03:17.675000Z,2025-07-11T16:12:51.756000Z,2025-07-11T18:17:34.487000Z,2025-07-11T16:12:52.177901Z,575.0,C16TQU91,407,29,Male,White,Bosnia and Herzegovina,United States,Bosnia and Herzegovina,English,No,Full-Time
687135c2071e8ad32338dc85,671a6d57cb932ed4526d42df,APPROVED,Not Applicable,2025-07-11T16:03:29.943000Z,2025-07-11T16:14:45.388000Z,2025-07-11T18:17:34.845000Z,2025-07-11T16:14:45.783327Z,676.0,C16TQU91,477,23,Female,White,United States,United States,United States,English,DATA_EXPIRED,DATA_EXPIRED
687135df4fc63f22f1a01f5e,62e05742fafd80b3f0c2e20b,APPROVED,Not Applicable,2025-07-11T16:03:49.129000Z,2025-07-11T16:24:17.231000Z,2025-07-11T18:17:35.094000Z,2025-07-11T16:24:17.720933Z,1229.0,C16TQU91,5348,24,Male,Black,United States,United States,United States,English,Yes,DATA_EXPIRED
687135fa0690720816462f21,62df4a06387d284d36055b04,APPROVED,Not Applicable,2025-07-11T16:04:18.189000Z,2025-07-11T16:25:54.426000Z,2025-07-11T18:17:35.306000Z,2025-07-11T16:25:54.839679Z,1297.0,C16TQU91,1687,71,Male,White,United States,United States,United States,English,No,"Not in paid work (e.g. homemaker', 'retired or disabled)"
687136376c363e5ff22f012b,63c72079af67adedbd68ae4b,RETURNED,Not Applicable,2025-07-11T16:05:17.661000Z,,,2025-12-17T15:11:49.318086Z,,,2394,CONSENT_REVOKED,CONSENT_REVOKED,CONSENT_REVOKED,CONSENT_REVOKED,CONSENT_REVOKED,CONSENT_REVOKED,CONSENT_REVOKED,CONSENT_REVOKED,CONSENT_REVOKED
6871363c0690720816462f35,5591cd21fdf99b63126f6c60,APPROVED,Not Applicable,2025-07-11T16:05:19.214000Z,2025-07-11T16:14:37.883000Z,2025-07-11T18:17:35.564000Z,2025-07-11T16:14:38.315847Z,559.0,C16TQU91,8996,35,Male,White,United States,United States,United States,English,No,Full-Time
68713641c05dde0cab538d9c,668ac2d21e1c6db3449f0be8,APPROVED,Not Applicable,2025-07-11T16:05:25.507000Z,2025-07-11T16:21:39.161000Z,2025-07-11T18:17:35.806000Z,2025-07-11T16:21:39.588060Z,974.0,C16TQU91,1041,36,Female,White,United States,United States,United States,English,Yes,Full-Time
6871364774b07961ad9b33a6,63e5242d0f2f6cbb94a848d8,APPROVED,Not Applicable,2025-07-11T16:05:32.824000Z,2025-07-11T16:24:38.701000Z,2025-07-11T18:17:36.241000Z,2025-07-11T16:24:39.106990Z,1146.0,C16TQU91,1674,28,Female,White,United States,United States,United States,English,No,DATA_EXPIRED
68713659685facfc04b740d9,66ae5ea80e7d6cb1df435da0,RETURNED,Not Applicable,2025-07-11T16:05:45.623000Z,,,2025-12-17T15:11:49.372220Z,,,1495,CONSENT_REVOKED,CONSENT_REVOKED,CONSENT_REVOKED,CONSENT_REVOKED,CONSENT_REVOKED,CONSENT_REVOKED,CONSENT_REVOKED,CONSENT_REVOKED,CONSENT_REVOKED
6871365a09adc4fc924e4027,5c6a5469a3b8830001beec7f,APPROVED,Not Applicable,2025-07-11T16:05:51.220000Z,2025-07-11T16:14:58.646000Z,2025-07-11T18:17:36.498000Z,2025-07-11T16:14:59.066157Z,548.0,C16TQU91,3427,50,Female,Black,United States,United States,United States,English,DATA_EXPIRED,DATA_EXPIRED
6871366dc3c25de79ed98c1e,64077ddd11208afe2bec171a,APPROVED,Not Applicable,2025-07-11T16:06:14.357000Z,2025-07-11T16:14:52.015000Z,2025-07-11T18:17:36.742000Z,2025-07-11T16:14:52.452109Z,518.0,C16TQU91,4335,29,Male,White,United States,United States,United States,English,No,Unemployed (and job seeking)
68713691f14e61038bfc481f,5ea749a62b0def12811bd452,RETURNED,Not Applicable,2025-07-11T16:07:27.452000Z,,,2025-12-17T15:11:49.320755Z,,,5266,CONSENT_REVOKED,CONSENT_REVOKED,CONSENT_REVOKED,CONSENT_REVOKED,CONSENT_REVOKED,CONSENT_REVOKED,CONSENT_REVOKED,CONSENT_REVOKED,CONSENT_REVOKED
687136c373d2bdcaab4e78b3,558823c2fdf99b318cb4224b,APPROVED,Not Applicable,2025-07-11T16:07:45.562000Z,2025-07-11T16:17:57.938000Z,2025-07-11T18:17:36.978000Z,2025-07-11T16:17:58.406081Z,613.0,C16TQU91,8928,36,Male,White,United States,United States,United States,English,DATA_EXPIRED,DATA_EXPIRED
687136c3bb5a25fb4e1c3055,6647949ff2f8fd28623c8f12,APPROVED,Not Applicable,2025-07-11T16:07:36.992000Z,2025-07-11T16:17:54.357000Z,2025-07-11T18:17:37.224000Z,2025-07-11T16:17:54.757694Z,618.0,C16TQU91,550,36,Female,White,United States,United States,United States,English,DATA_EXPIRED,DATA_EXPIRED
687136e146b2d83d10f27198,67197894611a27c0434adff7,APPROVED,Not Applicable,2025-07-11T16:08:05.441000Z,2025-07-11T16:17:56.105000Z,2025-07-11T18:17:37.462000Z,2025-07-11T16:17:56.517891Z,591.0,C16TQU91,1262,51,Female,White,United States,United States,United States,English,No,Full-Time
687136f76389fc95a15178fb,660eb104e6656602d708f33e,APPROVED,Not Applicable,2025-07-11T16:08:31.565000Z,2025-07-11T16:30:09.161000Z,2025-07-11T18:17:37.689000Z,2025-07-11T16:30:09.670956Z,1298.0,C16TQU91,1182,32,Male,Mixed,United States,United States,United States,English,No,Full-Time
68713732e0890dade0f9d416,6430c599f0887cb443f8da9a,APPROVED,Not Applicable,2025-07-11T16:09:26.384000Z,2025-07-11T16:18:05.119000Z,2025-07-11T18:17:37.949000Z,2025-07-11T16:18:05.551028Z,519.0,C16TQU91,3866,55,Male,White,United States,United States,United States,English,DATA_EXPIRED,DATA_EXPIRED
6871374c53b27d92e695acd4,672031368b5071ee67b5f023,APPROVED,Not Applicable,2025-07-11T16:09:48.356000Z,2025-07-11T16:19:30.802000Z,2025-07-11T18:17:38.176000Z,2025-07-11T16:19:31.205658Z,583.0,C16TQU91,831,20,Female,White,United States,United States,United States,English,Yes,DATA_EXPIRED
687138234a07728cc86aad22,670a0a98237adcfed719f255,APPROVED,Not Applicable,2025-07-11T16:13:41.591000Z,2025-07-11T16:23:58.635000Z,2025-07-11T18:17:38.429000Z,2025-07-11T16:23:59.056524Z,618.0,C16TQU91,1121,57,Female,White,United States,United States,United States,English,DATA_EXPIRED,DATA_EXPIRED
6871382a0af6a0bc6e0bb871,67d384729cfcada6f4f573de,APPROVED,Not Applicable,2025-07-11T16:13:48.951000Z,2025-07-11T16:30:23.851000Z,2025-07-11T18:17:38.687000Z,2025-07-11T16:30:24.349751Z,995.0,C16TQU91,599,30,Female,White,United States,United States,United States,English,Yes,Full-Time
6871382bb9302f02d061fb69,6045a1851d1ba76f144dd6da,APPROVED,Not Applicable,2025-07-11T16:13:31.713000Z,2025-07-11T16:48:48.224000Z,2025-07-11T18:17:38.948000Z,2025-07-11T16:48:48.688522Z,2117.0,C16TQU91,2218,36,Male,Black,United States,United States,United States,English,Yes,Part-Time
68713894d8fc4e58bc9fe386,5eace152e25d6800091dd418,APPROVED,Not Applicable,2025-07-11T16:15:20.157000Z,2025-07-11T16:52:49.668000Z,2025-07-11T18:17:39.183000Z,2025-07-11T16:52:50.114016Z,2250.0,C16TQU91,5270,46,Female,Black,United States,United States,United States,English,No,DATA_EXPIRED
687138e6de6f926d3e892dae,5977466b68264c0001c49088,APPROVED,Not Applicable,2025-07-11T16:16:38.981000Z,2025-07-11T16:22:17.114000Z,2025-07-11T18:17:39.408000Z,2025-07-11T16:22:17.579705Z,339.0,C16TQU91,3475,55,Male,White,United States,United States,United States,English,DATA_EXPIRED,DATA_EXPIRED
687139125c6a3f705f49550b,67461d4d0e1f14c52691668e,APPROVED,Not Applicable,2025-07-11T16:17:30.021000Z,2025-07-11T16:43:09.957000Z,2025-07-11T18:17:39.635000Z,2025-07-11T16:43:10.405047Z,1540.0,C16TQU91,1494,33,Male,White,United States,United States,United States,English,DATA_EXPIRED,DATA_EXPIRED
6871397fef25c7c7e9b80bc6,5d951ede9b6f880018f63b6e,APPROVED,Not Applicable,2025-07-11T16:19:14.871000Z,2025-07-11T16:30:32.122000Z,2025-07-11T18:17:39.877000Z,2025-07-11T16:30:32.543560Z,678.0,C16TQU91,9142,36,Male,White,United States,United States,United States,English,DATA_EXPIRED,DATA_EXPIRED
6871398cfba1c9f85a09a688,67e32b89bc01f7bf15d359db,APPROVED,Not Applicable,2025-07-11T16:19:23.995000Z,2025-07-11T16:26:06.780000Z,2025-07-11T18:17:40.097000Z,2025-07-11T16:26:07.209683Z,403.0,C16TQU91,907,36,Male,White,United States,United States,United States,English,DATA_EXPIRED,DATA_EXPIRED
687139d3ead69653aced5947,67f3147d939ee392b2741fb5,APPROVED,Not Applicable,2025-07-11T16:20:49.535000Z,2025-07-11T16:35:32.252000Z,2025-07-11T18:17:40.347000Z,2025-07-11T16:35:32.699518Z,883.0,C16TQU91,280,29,Male,Other,United States,United States,United States,English,Yes,Full-Time
687139fba2e9e61ea5985699,67843a0d463e42f7f8fe1054,APPROVED,Not Applicable,2025-07-11T16:21:21.728000Z,2025-07-11T16:57:12.496000Z,2025-07-11T18:17:40.603000Z,2025-07-11T16:57:12.962128Z,2151.0,C16TQU91,272,19,Female,Black,United States,United States,United States,English,Yes,Part-Time
687139ffce5203189c86cfe5,5788cc99c9abeb0001af20a7,APPROVED,Not Applicable,2025-07-11T16:21:23.845000Z,2025-07-11T16:32:28.720000Z,2025-07-11T18:17:40.825000Z,2025-07-11T16:32:29.169063Z,665.0,C16TQU91,2606,59,Female,White,United States,United States,United States,English,No,DATA_EXPIRED
68713a29212c9c28609d24ce,680c0636408121caf12fe0d1,APPROVED,Not Applicable,2025-07-11T16:22:01.706000Z,2025-07-11T16:34:26.514000Z,2025-07-11T18:17:41.480000Z,2025-07-11T16:34:26.972922Z,745.0,C16TQU91,1268,62,Female,Black,United States,United States,United States,English,Yes,Full-Time
68713f5c7ec56ff77255cd3e,67e830bb6eaebc236b9cd37e,APPROVED,Not Applicable,2025-07-11T16:44:17.659000Z,2025-07-11T16:57:51.684000Z,2025-07-11T18:17:41.726000Z,2025-07-11T16:57:52.134690Z,815.0,C16TQU91,1404,63,Female,White,United States,United States,United States,English,No,Full-Time
68713fed439776f73e9a4927,5b757a03976ecb0001b1168f,APPROVED,Not Applicable,2025-07-11T16:46:41.796000Z,2025-07-11T16:59:41.028000Z,2025-07-11T18:17:41.951000Z,2025-07-11T16:59:41.486108Z,780.0,C16TQU91,8214,73,Female,White,United States,United States,United States,English,DATA_EXPIRED,DATA_EXPIRED
6871404a940307a2f177f9d2,6758a78b2b52d5e08173d97e,APPROVED,Not Applicable,2025-07-11T16:48:10.523000Z,2025-07-11T17:05:58.066000Z,2025-07-11T18:17:42.214000Z,2025-07-11T17:05:58.771273Z,1068.0,C16TQU91,737,27,Male,Mixed,United States,United States,United States,English,DATA_EXPIRED,DATA_EXPIRED
