"","participant_id","MAIN_LLMax","MAIN_mu","MAIN_sigma","MAIN_noise","MAIN_beta","MAIN_BIC","NULL_LLMax","NULL_beta","NULL_BIC","NULL_2_LLMax","NULL_2_beta","NULL_2_diff","NULL_2_BIC"
"mu",1,-30.2850576517003,0.560638349267568,1.49312330347445,1.94615617827472,10,77.8400677575458,-47.1178899043162,0.86032434544177,98.5532679221688,-43.4936378563576,1.01160098942735,0.267130712892395,95.6222519397878
"mu1",2,-41.8734514763251,-4,3.70129740653126,0.672885862682741,1.73922502161516,101.016855406795,-42.2872480285849,1.28103381317486,88.8919841707062,-41.330994606523,1.15267959610781,1.64981670478126,91.2969654401186
"mu2",3,-30.2860353138241,-0.289879231713408,0.758982009513972,0.2,2.67604105654232,77.8420230817935,-38.0996480321902,1.51221202087903,80.5167841779167,-36.1015001860377,1.47181663761138,0.310946800522506,80.8379765991481
"mu3",4,-15.0136703062371,-1.14069307682155,1.99390140535178,1.40354845288466,10,47.2972930666193,-20.9766924627094,2.69144561048519,46.2708730389551,-15.6161598008103,2.87638561198949,0.849920329318848,39.8672958286933
"mu4",5,-36.9042973645502,-0.73587567583403,0.2,0.23685115975675,1.80228317979732,91.0785471832457,-46.7786667055428,0.884279893112684,97.874821524622,-45.3832031230779,0.879249529102038,1.5118864290067,99.4013824732284
"mu5",6,-34.3770370788787,-0.345729236935692,0.478554630330523,1.33127166512671,7.49246279452055,86.0240266119026,-49.0066418723366,0.653498792757095,102.33077185821,-46.2305681826186,0.815749483711648,0.294477443268988,101.09611259231
"mu6",8,-31.7376474519657,0.64920079129082,0.2,4,9.65571979006465,80.7452473580766,-51.9860385419959,0,108.289565197528,-42.4475732298926,1.08091279375603,0.01,93.5301226868578
"mu7",9,-29.6736133642269,1.29622174175641,0.2,4,6.1629091511585,76.617179182599,-45.5708394353066,0.943350558323583,95.4591669841496,-43.4936378563576,1.01160098944385,1.19165534490487,95.6222519397878
"mu8",10,-35.5918836125715,-0.265447675816411,0.587322653871376,1.96473792589193,10,88.4537196792881,-48.8701491691973,0.737915895087496,102.057786451931,-44.4714988085606,0.944461681390446,0.307015283775982,97.5779738441939
"mu9",11,-19.2081120461054,-0.612829164941802,0.458822752564932,0.353463351641873,4.42101337276295,55.686176546356,-31.6577117616927,2.00736832319462,67.6329116369218,-29.4505850420665,1.87180229910798,0.783620951056946,67.5361463112056
"mu10",13,-8.39456096214225,0.297807490702036,0.501065508863165,0.600701526299407,10,34.0590743784297,-24.4223787464657,2.59341908190091,53.1622456064677,-20.9077028826442,2.44234726735886,0.686103737081867,50.450381992361
"mu11",15,-22.6017946124146,0.0221771529646898,0.542900850298759,0.2,3.25836096994555,62.4735416789744,-33.8538618175275,1.78817138286208,72.0252117485913,-27.5193743454533,1.99243034023438,0.832939615743235,63.6737249179793
"mu12",16,-33.7003093016324,-0.0626053560968069,0.534953384181955,0.484322736703828,2.85771424631732,84.67057105741,-43.5225075545364,1.12129207804827,91.3625032226092,-36.1015001860377,1.47181664267585,0.623268480375409,80.8379765991481
"mu13",17,-20.6611232424301,0.371041457753657,0.776207975841566,0.665019760725481,6.13907595712567,58.5921989390054,-39.0733044064664,1.5183417961423,82.4640969264691,-42.4475732298926,1.0809127937814,2.05170600567479,93.5301226868578
"mu14",18,-29.0065799707266,0.0418958596357938,0.608699926230698,0.506902354830391,3.83564412827693,75.2831123955985,-41.2047271205573,1.3266523373964,86.7269423546509,-31.2662431794223,1.76098792876193,0.580377228611615,71.1674625859172
"mu15",21,-0.860346370783128,0.416606129823217,0.418316736047848,0.2,10,18.9906451957115,-40.8590593853386,1.38331811118485,86.0356068842134,-5.31079161811473,4.30406522403952,0.198192718720529,19.2565594633021
"mu16",22,-13.3222735190378,-0.771748571361991,0.349068566799146,0.27212943380469,5.91213947646282,43.9144994922209,-41.5744497449353,1.2954573244736,87.4663876034069,-41.330994606523,1.15267959576545,1.44523366891779,91.2969654401186
"mu17",23,-42.1038582296444,0.126928474666958,0.740261676355572,0.820894571337027,2.35082647724223,101.477668913434,-47.1775543840577,0.820745200297909,98.6725968816517,-45.3832031230779,0.879249557322918,0.233162229978479,99.4013824732285
"mu18",24,-26.62263065305,0.153119630493031,0.448345423645233,0.470073200171925,3.72628671549008,70.5152137602452,-43.9141379817277,1.10688724426137,92.1457640769918,-31.2662431794223,1.76098793174597,0.564020334847737,71.1674625859172
"mu19",25,-25.8067819497043,4,3.43543263606594,4,7.9681666669746,68.8835163535539,-45.0527859955807,0.943188183125778,94.4230601046976,-44.4714988085606,0.94446168218392,1.7786778380326,97.5779738441939
"mu20",27,-21.2943979804328,4,2.99436526674854,1.27366109091822,6.99730123969343,59.8587484150109,-31.8377599908372,1.96997916100604,67.9930080952108,-32.9752409551008,1.65822818450815,1.32816422549309,74.5854581372742
"mu21",28,-28.21435076101,-0.404261307209638,0.769859588889117,1.07418214275879,6.6209401054474,73.6986539761653,-36.8862500149939,1.84856674643605,78.0899881435241,-37.5301817653641,1.38629434656085,1.70098589978879,83.6953397578008
"mu22",29,-7.55481239863084,0.0463337464734574,0.713826068048097,0.38023898292584,8.39373702395435,32.3795772514069,-22.6138802400228,2.68819002554809,49.545248593582,-12.5958110800631,3.17805410236836,0.766032551932149,33.8265983871988
"mu23",30,-17.4234619485138,-0.612947243870578,0.384338736633022,0.2,4.02319794364419,52.1168763511728,-30.9341561274787,1.95537589704761,66.1858003684938,-25.4616706825899,2.12525120861061,0.533061471069232,59.5583175922525
"mu24",31,-17.9234841459647,0.394045824285955,0.591707321056473,0.559002569831024,7.24487436827014,53.1169207460745,-43.9005964853233,1.19525110282384,92.118681084183,-43.4936378563576,1.01160099050409,2.84757617217489,95.6222519397878
"mu25",32,-30.1904343238639,-0.4806696579262,0.331157309936334,0.2,2.70730276614663,77.650821101873,-47.7099794525476,0.767722706736706,99.7374470186316,-27.5193743454533,1.99243029105708,0.126586249738466,63.6737249179792
"mu26",33,-22.2848542872693,-0.48629666909848,0.28208115869086,0.943477078123224,10,61.8396610286838,-49.1785922389231,0.644774433319029,102.674672591383,-43.4936378563578,1.0116010826506,0.225364255195018,95.6222519397882
"mu27",34,-31.3602461957669,4,2.8629738650328,2.32302310215597,3.18969036263065,79.990444845679,-37.5269227661308,1.55806649250354,79.371333645798,-37.5301817653641,1.38629445749292,0.7742256529117,83.6953397578009
"mu28",35,-23.7643597208744,0.471233007202905,1.24789767423359,2.10395019053671,10,64.7986718958941,-40.4086503958625,1.33958555550664,85.1347889052614,-41.330994606523,1.15267958668469,1.54620474785799,91.2969654401186
"mu29",37,-23.4547779862184,-0.122002202742157,0.43960437032181,1.04085920791357,10,64.1795084265821,-45.0588545236661,1.12804889817726,94.4351971608684,-42.4475732298927,1.08091284239738,0.649798029582016,93.530122686858
"mu30",38,-14.6575476367706,0.104108021348959,1.01747993522376,0.982374254109048,10,46.5850477276865,-24.2566844711206,2.38291036966757,52.8308570557776,-25.4616706825899,2.12525120155067,0.911816607264336,59.5583175922525
"mu31",39,-29.2537080588734,-0.21445664128668,0.983492051369406,0.992303268808261,5.36944999435129,75.7773685718921,-36.292889195467,1.67898462487709,76.9032665044704,-31.2662431794223,1.76098792840004,0.789111420735717,71.1674625859172
"mu32",40,-14.4784370508737,-0.328981629346081,0.891128383643867,0.2,5.77867618648153,46.2268265558926,-26.6289275980495,2.48569588145562,57.5753433096353,-27.5193743454533,1.99243029163555,0.762418542183004,63.6737249179792
"mu33",41,-32.9377441465962,-0.20174258158117,0.445991251120454,0.596944322614554,4.28244395903458,83.1454407473377,-47.2844616080567,0.878179102448203,98.8864113296497,-41.330994606523,1.15267958625411,0.880439685189631,91.2969654401186
"mu34",42,-6.94920788450519,0.106979479846096,0.588837847335842,0.223458923240925,8.16379397071922,31.1683682231556,-28.4621831745982,2.19498725383343,61.2418544627326,-18.3697520095977,2.63905743478069,0.646565098403953,45.374480246268
"mu35",43,-18.6606347291205,4,2.09993038049743,0.55686221635653,9.32723133404006,54.5912219123863,-43.7031055479762,1.2113817620365,91.7236992094888,-20.9077028826441,2.44234714765054,0.413240757799817,50.4503819923608
"mu36",44,-7.47392813434402,1.05573835058859,1.06919410663752,0.612088132184457,10,32.2178087228333,-35.6330609555382,1.80506860261917,75.5836100246128,-36.1015001860377,1.47181662948021,0.521924102443736,80.8379765991481
"mu37",45,-17.5195812494069,-0.161446422690297,0.546021051649344,0.2,4.01265539260729,52.3091149529591,-32.2924197533371,1.88496369417661,68.9023276202104,-25.4616706825899,2.12525120221348,0.3501621939498,59.5583175922525
"mu38",46,-37.2326310852399,0.648185836094011,0.982065873224843,1.50545797140687,3.00109902438388,91.735214624625,-43.2806967031211,1.09365435937839,90.8788815197784,-38.8754797689495,1.30494888553856,0.190268009752035,86.3859357649716
"mu39",47,-18.0742037389776,-0.254434954944141,0.699871510147989,0.40821816921478,4.48638331818773,53.4183599321004,-29.6878431004763,1.98772703773723,63.693174314489,-20.9077028826441,2.44234717538761,0.289332380651031,50.4503819923608
"mu40",48,-25.2370463993608,-0.976216337611746,0.925506532618012,0.320196419034836,3.04800357875259,67.7440452528669,-33.5941936698103,1.7260324841264,71.5058754531569,-25.4616706825899,2.12525120884896,0.133542643866967,59.5583175922525
"mu41",49,-36.9400307357026,4,1.33691440675116,0.690659722762446,2.06881810591779,91.1500139255504,-51.126007891403,0.33411928339736,106.569503896342,-50.8536612837803,0.350202432811444,2.06375033665216,110.342298794633
"mu42",50,-18.4335869103421,-0.299117675684561,0.577222836570978,0.2,4.25729726617588,54.1371262748294,-35.5051943754759,1.81443987047779,75.3278768644882,-29.4505850420665,1.87180226593216,0.642220537797548,67.5361463112055
"mu43",51,-29.832919659743,-0.50849219621978,0.395724125509334,0.423693362412486,4.07195633503569,76.9357917736311,-49.253595073903,0.628685803582471,102.824678261342,-45.3832031230779,0.879249529763631,0.372640319108032,99.4013824732285
"mu44",52,-26.952137359867,-0.10363127738583,0.64391700240626,0.782132572115918,5.03845306864276,71.1742271738793,-37.7085720914747,1.52533239963117,79.7346322964857,-27.5193743454533,1.99243029138566,0.387346824319102,63.6737249179792
"mu45",53,-29.9217572345637,-0.299402568989549,0.581621803292917,0.948117399521246,6.64588252493589,77.1134669232727,-45.4350668792438,0.973337897588368,95.187621872024,-36.1015001860377,1.47181663953687,0.38615697462111,80.8379765991481
"mu46",55,-29.0658805985937,-0.589010435954597,0.2,0.946834185833912,5.73896343423248,75.4017136513327,-50.6702921474593,0.406529315226439,105.658072408455,-45.3832031230779,0.879249526189928,0.36693974849768,99.4013824732284
"mu47",56,-20.3449826828819,-0.277449803794147,0.203543076956238,0.549615910696746,10,57.959917819909,-50.2741736778926,0.485055918311287,104.865835469321,-42.4475732298929,1.08091291971723,0.472725996843074,93.5301226868584
"mu48",57,-24.3911178067888,-0.275171651688584,0.908849625439616,0.920676380599908,6.58584691493606,66.0521880677228,-32.9125404760669,1.97544766657325,70.14256906567,-32.9752409551009,1.65822828260166,1.27679889004212,74.5854581372745
"mu49",58,-33.5951398351861,-0.25304542820716,0.699912529257703,1.81596821370898,10,84.4602321245174,-46.9168736763349,0.837351250017195,98.1512354662061,-38.8754797689494,1.30494882121346,0.19986308833817,86.3859357649714
"mu50",59,-0.98249490137828,1.66025829506467,1.34766710605669,0.2,10,19.2349422569018,-8.19076613471593,4.37422997381281,20.6990203829682,-9.22177495027086,3.59731241592354,1.96467965820571,27.0785261276143
"mu51",60,-19.5992357701868,-0.846835496144858,1.37907088753487,1.22946303553818,10,56.4684239945188,-35.3130766900058,1.84374568593961,74.943641493548,-29.4505850420665,1.8718022991637,0.592294345570263,67.5361463112056
"mu52",61,-21.0785787504374,-0.153901498655593,0.851360162734486,1.11857540387373,10,59.42710995502,-36.1552589184738,1.85379149981447,76.6280059504839,-37.5301817653642,1.3862944611416,0.691312736086547,83.6953397578009
"mu53",64,-49.8471177144227,-2.77829496626566,0.232592907297442,0.2,0.496829703060186,116.964187882991,-51.9860385419959,0,108.289565197528,-51.9860385419959,0,1.95683272644412,112.607053311064
"mu54",65,-28.5167187947994,0.121655466397429,0.365457370574502,0.309225844983317,3.30387934914082,74.3033900437441,-51.3399910861631,0.312887970257994,106.997470285863,-34.584934995428,1.56218528382254,0.402209795976523,77.8048462179286
"mu55",66,-33.1174451116631,0.507598531612576,0.474076306543727,0.2,2.53417360947162,83.5048426774713,-48.1461180742648,0.716262889939852,100.609724262066,-34.5849349954277,1.56218513766389,0.0712103690486401,77.804846217928
"mu56",67,-7.77543409634483,2.3768473887924,1.46294892680665,0.471664265281919,10,32.8208206468349,-23.9402621724267,2.49865773453889,52.1980124583898,-25.4616706825899,2.12525117723646,1.95301425990881,59.5583175922524
"mu57",68,-35.0547580270666,-0.246111578775282,0.2,0.300799228747948,2.56572682324207,87.3794685082785,-49.7134678864872,0.547485292569072,103.744423886511,-44.4714988085606,0.944461678804912,0.492420059554279,97.5779738441938
"mu58",69,-14.4734888328585,-0.976903659107312,0.408809491182584,0.803095916750324,6.68540395124588,46.2169301198623,-51.8690036561798,0.124192561934325,108.055495425896,-31.2662431794223,1.76098792799711,0.01,71.1674625859172
"mu59",70,-31.0727545726318,-1.17899412243379,0.987922732155173,0.624483556490739,3.13622498495043,79.4154615994089,-40.3100304235073,1.2935995268589,84.9375489605509,-36.1015001860377,1.47181662114558,0.47506768516032,80.837976599148
"mu60",71,-32.1351619279803,-0.437372937616121,0.682125050704447,1.72803364646728,9.99994335261286,81.5402763101059,-48.207188278901,0.690967980779862,100.731864671338,-40.1412870545753,1.2272297573061,0.303089693498332,88.9175503362233
"mu61",73,-36.044025893583,-0.327337574236147,0.2,0.330114036066332,2.35706220889371,89.3580042413112,-47.8940978464343,0.721820022615881,100.105683806405,-37.5301817653642,1.38629448231531,0.0226932822237723,83.695339757801
"mu62",74,-44.1683304244162,0.269905948315834,0.2,0.39020217929019,1.29745643327129,105.606613302978,-51.4637156561828,0.272007956558407,107.244919425902,-43.4936378563576,1.01160098923175,0.569811061909422,95.6222519397878
"mu63",75,-28.9802296685603,-0.150937791072862,0.389700857166554,0.418777719952256,4.31527676142282,75.2304117912659,-48.2831307521653,0.772412473355932,100.883749617867,-34.5849349954277,1.56218513639139,0.201715424135327,77.804846217928
"mu64",76,-35.3717158462048,0.834105473058782,1.61754511381595,2.16092483831197,5.94673535277366,88.0133841465549,-47.7517606586896,0.852619986581121,99.8210094309156,-48.4019039192441,0.633723811122937,2.50999376048334,105.438784065561
"mu65",77,-9.22011046961546,0.199051425626118,0.428229511492295,0.574233317229814,10,35.7101733933762,-46.2186082540501,0.944711230766843,96.7547046216364,-36.1015001860377,1.47181663956085,0.456864154350478,80.8379765991481
"mu66",78,-41.1145329453551,-0.432196919226863,0.258482810005908,0.2,1.61258792966959,99.4990183448555,-46.4148528487991,0.921078666589321,97.1471938111344,-41.330994606523,1.15267960033911,0.953780012873467,91.2969654401186
"mu67",79,-46.4805290142709,-0.4888702609522,0.351655875502528,0.2,1.05032259296686,110.231010482687,-50.123916326432,0.486488143174635,104.5653207664,-43.4936378563576,1.01160098951166,0.0991691371705383,95.6222519397878
"mu68",80,-34.7959693097493,0.198797338467954,0.2,2.89243611109796,10,86.8618910736438,-51.2905454079902,0.293038544912856,106.898578929517,-49.0063646095277,0.575364191574118,0.394334550541826,106.647705446128
"mu69",81,-22.6981920822511,0.160607314938366,0.68522547453829,0.2,2.8923706375113,62.6663366186474,-28.8880347300817,2.01583205891082,62.0935575736997,-25.4616706825899,2.12525120904224,0.683726798996795,59.5583175922525
"mu70",83,-23.2647113515561,-0.171177389785366,0.358336860783128,0.299318806102541,4.22236767668491,63.7993751572575,-42.8286196268307,1.15640004977774,89.9747273671976,-37.5301817653641,1.38629446128612,0.599455684451386,83.6953397578009
"mu71",84,-21.4823196315079,-0.24092749746684,0.371530644581894,0.604820073876045,8.11187243002621,60.2345917171611,-45.0114841625034,0.984238544258624,94.3404564385431,-34.5849349954278,1.56218520683989,0.3526128858421,77.8048462179282
"mu72",86,-36.6941881336536,-0.063346596313996,0.249868158231767,2.08300826121996,8.79458292372204,90.6583287214525,-50.7881638126541,0.418035781761953,105.893815738845,-44.4714988085609,0.944461823933745,0.643217694940977,97.5779738441945
"mu73",87,-20.4890772204872,-0.13419949242432,0.235041841255106,0.775213157617776,10,58.2481068951196,-45.6492414682412,1.00043521158165,95.6159710500187,-32.9752409551007,1.65822804041576,0.581983838439919,74.5854581372741
"mu74",88,-18.599512243499,0.47495851890608,1.28552616140508,1.00023511018314,10,54.4689769411433,-31.714453610905,1.98605573531434,67.7463953353464,-29.4505850420665,1.87180229788333,0.803126441452187,67.5361463112056
"mu75",89,-31.5438619718211,0.253687685047404,1.04497910839002,2.32577132726715,10,80.3576763977875,-47.2946702486735,0.872041284684739,98.9068286108834,-36.1015001860377,1.47181663918104,0.213714217385277,80.8379765991481
"mu76",90,-44.3049966252363,0.181165024311483,0.619227739315543,4,7.55405545952361,105.879945704618,-51.7899927839256,0.163732691214218,107.897473681388,-50.0425252071172,0.461345604278155,0.01,108.720026641307
"mu77",91,-30.4130454373884,0.0398429438427799,0.769316624093114,0.805927022512409,4.11084932316255,78.0960433289221,-38.8152326929767,1.40484074111528,81.9479534994897,-34.5849349954277,1.56218513659134,0.346704434547573,77.804846217928
"mu78",92,-26.2304511483456,-0.304857943521419,0.397953991377072,0.701920271206916,6.8004318768619,69.7308547508365,-45.8776836282108,0.935549276443358,96.0728553699578,-36.1015001860377,1.47181663693521,0.358037474239245,80.8379765991481
"mu79",93,-35.1780252255817,-0.296699639669121,0.2,0.506292394460832,3.33386498706017,87.6260029053086,-47.4226293992162,0.790532854632568,99.1627469119687,-38.8754797689494,1.30494881702738,0.258267417859752,86.3859357649714
"mu80",95,-31.0481162768169,4,0.388034917726851,0.2,1.88424191467744,79.3661850077791,-48.9033034321532,0.65536323654701,102.124094977843,-47.015209317932,0.753771862366377,1.32178834647639,102.665394862937
"mu81",96,-16.0598580015143,-1.59889939676549,1.87306577382437,1.3132416873233,7.38584136303724,49.3896684571738,-24.3961436741814,2.36503189042419,53.109775461899,-23.2637135198609,2.2735976936922,0.62432478370145,55.1624032667944
"mu82",97,-21.3694745113283,0.0120003173522061,0.415841152745801,0.376472396799524,4.73908252313838,60.0089014768018,-42.3831008670107,1.19419983505314,89.0836898475577,-38.8754797689502,1.30494909874351,0.386658097996842,86.3859357649731
"mu83",98,-13.7611621523144,4,2.81415713707991,1.58492305463044,10,44.792276758774,-37.6181172509958,1.61311366087006,79.5537226155279,-37.5301817653641,1.38629439177525,0.632380035317037,83.6953397578008
"mu84",99,-29.4240647398218,-0.514297016376954,0.423623648512122,0.283840598770688,3.01485367966226,76.1180819337888,-43.6970530754507,1.18498781757043,91.7115942644378,-32.9752409551008,1.65822818984403,0.356076993378249,74.5854581372742
"mu85",100,-33.2457374070315,-0.121056986731524,0.410656309687782,0.448036792880518,3.35462711093097,83.7614272682082,-46.8481235090148,0.8328931171051,98.013735131566,-36.1015001860377,1.4718166390086,0.297963754518423,80.8379765991481
"mu86",101,-33.8345807719694,-0.32060938264418,0.403042350889045,0.46469912922413,3.50657491815166,84.9391139980841,-46.814644561424,0.970312430655771,97.9467772363843,-40.1412870545771,1.22723019426262,0.22443673202768,88.9175503362269
"mu87",102,-15.4987867479084,-0.0371699213675775,0.408667942072519,0.2,5.41119449144519,48.2675259499621,-43.2341215143604,1.18767801244848,90.785731142257,-18.3697520095977,2.6390574748146,0.25918044609949,45.374480246268
"mu88",103,-30.5163833228888,-0.184966769880963,0.730903481712086,1.16574558380001,7.40981843936872,78.3027190999228,-43.1283303925051,1.26846863553232,90.5741488985466,-42.4475732298926,1.08091279853512,2.0040388019057,93.5301226868579
"mu89",105,-23.8611170082643,-0.333814306213074,0.2442165994884,0.2,4.07860361722801,64.9921864706739,-46.1339394176997,0.908566169423563,96.5853669489357,-34.5849349954277,1.56218513665832,0.390941453666892,77.804846217928
"mu90",106,-34.6307933821976,-0.469251880121187,1.04526960353559,1.33550019449069,5.21775508922797,86.5315392185405,-41.4118470114104,1.24315799928821,87.1411821363571,-37.5301817653641,1.38629445836879,0.434261410690378,83.6953397578009
"mu91",107,-24.0772857904277,-0.0532387450302885,1.27026480334247,1.67587418402859,10,65.4245240350007,-32.6232514396711,2.2588609416934,69.5639909928786,-32.9752409551008,1.65822819000813,2.41813908129465,74.5854581372742
"mu92",108,-24.7030820924051,-0.267810927354757,0.527695800054502,0.547042904753232,5.66279378147493,66.6761166389555,-42.2094078618567,1.32664107909268,88.7363038372498,-34.5849349954276,1.56218501951246,0.369425214971416,77.8048462179279
"mu93",109,-34.7418097716584,-0.187036533940537,0.349961659578859,0.51227096927259,3.16991737687024,86.7535719974619,-44.0765130184908,1.16877036794184,92.4705141505179,-44.4714988085606,0.944461643053209,2.41582887959434,97.5779738441938
"mu94",111,-9.16243682998837,-0.223450617325072,0.926974865194874,0.738578218427256,10,35.594826114122,-21.8955035248138,2.67550012806027,48.108495163164,-15.6161598008103,2.87638547585558,0.605312233541627,39.8672958286933
"mu95",112,-24.4343712136263,0.122788137098782,0.580950451785773,0.328643710370421,3.39554302907769,66.1386948813979,-34.703350395833,1.65575323740013,73.7241889052024,-27.5193743454533,1.99243029095431,0.147237794434186,63.6737249179792
"mu96",113,-38.798501055279,-0.243317813545921,0.390019399891738,1.42538679215745,6.09222141413976,94.8669545647033,-50.6615224436645,0.425915521665331,105.640533000865,-46.2305681826186,0.815749539309486,0.139982166490518,101.09611259231
"mu97",114,-31.9637799475544,-0.593017968903418,0.2,0.498497013143307,3.37991914534004,81.1975123492541,-51.9860385419959,0,108.289565197528,-47.738562622111,0.69314723631389,0.275128630772233,104.112101471295
"mu98",115,-20.8058640823705,-0.0304490987928412,0.872685618190935,1.33515160050245,10,58.8816806188861,-34.4416335230066,1.72951084746639,73.2007551595496,-32.9752409551008,1.6582281899509,1.06612323737005,74.5854581372742
"mu99",116,-24.8751424013028,0.0445329385712296,0.436065929223717,0.312655106198113,3.62792087569645,67.0202372567508,-41.3874441971373,1.24808888374013,87.0923765078109,-32.9752409551008,1.65822818848167,0.0888364844955504,74.5854581372742
"mu100",117,-36.2598560295589,-0.191407644509742,0.462693696155505,0.739720139751086,3.90230333203802,89.789664513263,-48.2929290643074,0.72280602591404,100.903346242151,-43.4936378563576,1.01160099255877,0.0704766475711949,95.6222519397878
"mu101",118,-31.3218825875599,-0.105716810297087,0.620760175942334,0.47408908147226,3.48995794209661,79.9137176292651,-41.811209851181,1.33065166461249,87.9399078158984,-37.5301817653641,1.38629442779571,0.431867207887117,83.6953397578008
"mu102",119,-16.9957505151516,-0.298851658535762,1.05943000863632,0.89979194204645,7.86609489517028,51.2614534844484,-25.2138689060327,2.48621401657013,54.7452259256017,-23.2637135198609,2.27359772109819,1.0306288403389,55.1624032667945
"mu103",120,-23.7373756494851,-0.676509410341849,0.923283066260609,0.348995805434709,3.32408583614153,64.7447037531154,-31.0358383609971,1.94722370888526,66.3891648355304,-23.2637135198609,2.27359769557402,0.465353240682744,55.1624032667944
"mu104",121,-29.4946370359915,-1.44320271790398,1.29227490495182,0.458716645475447,2.78299396691012,76.2592265261281,-38.8136677049425,1.58049908752189,81.9448235234213,-36.1015001860378,1.47181664970687,1.0403697569971,80.8379765991481
"mu105",122,-15.7899792345113,0.538862362649109,0.567667254753185,0.2,5.24958068931483,48.8499109231679,-35.3458511079047,1.75283999831983,75.0091903293457,-37.5301817653641,1.38629441692281,0.762395836638752,83.6953397578008
"mu106",123,-29.9498063253521,0.471890089464511,0.535547675411892,0.461236540049509,3.12415176299505,77.1695651048495,-46.2795604083477,0.915668716014064,96.8766089302317,-37.5301817653641,1.38629445891713,0.469770419993438,83.6953397578009
"mu107",124,-33.5107975705453,-0.230531344123906,0.2,0.2,2.68824593678244,84.2915475952358,-47.7421688215165,0.83667963861491,99.8018257565693,-42.4475732298926,1.08091280546562,0.393368692961521,93.5301226868579
"mu108",125,-28.6435203596094,-0.113941215288066,0.459193260125111,1.45316084821906,10,74.5569931733639,-48.0595289509822,0.768364848050846,100.436546015501,-44.4714988085606,0.944461588163396,0.417330987867899,97.5779738441938
"mu109",126,-19.1674124347057,-0.227656272405634,0.379768089809365,0.239720312692138,5.40359210766468,55.6047773235567,-41.8130806534745,1.3129298289786,87.9436494204852,-34.5849349954276,1.56218504712275,0.623550168310758,77.8048462179279
"mu110",127,-44.6456099541342,-1.56217705313127,0.2,1.92647768271768,1.827888997058,106.561172362414,-51.5996350898506,0.250903973051747,107.516758293237,-50.4758750256942,0.405465141520755,2.07093273012433,109.586726278461
"mu111",128,-21.4258841917815,-0.0774609456524876,0.396200128583756,0.680301879114906,6.61579952187107,60.1217208377082,-43.4275307069128,1.12920423420671,91.1725495273619,-34.5849349954277,1.56218513654636,0.591392331430689,77.804846217928
"mu112",129,-37.2185584365557,-0.170245642673173,0.293369002375353,0.2,1.8497962546639,91.7070693272567,-47.8950770927386,0.748022377415292,100.107642299014,-38.8754797689494,1.30494881726567,0.415412811452989,86.3859357649714
"mu113",130,-37.3662986729447,-0.41181868835584,0.52023303580018,2.34221155095581,10,92.0025498000345,-50.9506531248762,0.369556604847902,106.218794363289,-44.4714988085606,0.944461684142275,0.313808503081091,97.5779738441939
"mu114",132,-22.9852996474713,-0.556029688288807,1.15121815032529,0.804135183782129,5.40005733098445,63.2405517490878,-30.6097294837692,1.95346713455575,65.5369470810747,-31.2662431794223,1.76098794518888,0.360563217697199,71.1674625859172
"mu115",135,-32.1628142514483,4,0.346531900876757,0.2,1.80149789193735,81.5955809570419,-51.9860385419959,0,108.289565197528,-51.9860385419959,0,3.27149876451353,112.607053311064
"mu116",136,-29.3047348230544,-0.388001055131095,0.2,0.464474786382855,4.22335617589604,75.8794221002539,-47.1609413301117,0.824452806402025,98.6393707737597,-41.330994606523,1.15267960307913,0.110325258811936,91.2969654401186
"mu117",137,-23.5470644816427,-0.478516662404709,0.34111243728538,1.07280686712229,10,64.3640814174307,-44.2999195008415,1.11631806292259,92.9173271152193,-45.3832031230779,0.879249529085772,1.92112565503921,99.4013824732284
"mu118",138,-50.8439787272494,-4,0.2,4,0.565587067852915,118.957909908644,-51.9860385419959,0,108.289565197528,-51.9860385419959,0,1.87172845331253,112.607053311064
"mu119",139,-26.3199646774501,0.176495656909831,0.742755643515257,0.702166464481394,4.79882778398826,69.9098818090455,-37.3916689719837,1.52910218713541,79.1008260575038,-36.1015001860378,1.47181669456547,0.472495642979629,80.8379765991482
"mu120",140,-39.015874777106,-0.0883953683860062,0.649844995811331,0.614500918777403,2.91537366066567,95.3017020083572,-46.1818762836356,0.894464403017312,96.6812406808075,-40.1412870545753,1.2272297598413,0.205223418523092,88.9175503362233
"mu121",141,-29.493217235895,-0.213147688926002,0.29293806270725,0.294164363883299,2.84690111880218,76.2563869259353,-42.7712379724922,1.13015568194193,89.8599640585208,-34.5849349954276,1.56218499759044,0.300356409770902,77.8048462179279
"mu122",142,-11.588160482146,0.106577970926214,0.345600877855443,0.285524634939698,6.13267192052992,40.4462734184373,-49.8051854045012,0.588021247681002,103.927858922539,-20.9077028826441,2.4423471723681,0.467664306682834,50.4503819923608
"mu123",144,-28.8343646686102,0.276886424292498,0.528145661218521,0.625022398829461,4.23571679514102,74.9386817913657,-47.0484826501663,0.925710430126829,98.414453413869,-47.738562622111,0.693147216135404,2.86726614642423,104.112101471295
"mu124",146,-15.7473272314606,-0.537859097727918,0.267438595385558,0.2,4.80145731594617,48.7646069170664,-39.6840294929817,1.44450020565016,83.6855470994998,-34.5849349954277,1.56218513659024,0.0759403522894718,77.804846217928
"mu125",147,-27.5595650754805,0.0259083291606868,0.893733258293777,0.425178008981741,3.73258235820268,72.3890826051063,-34.1232938169309,1.85845494677204,72.5640757473982,-34.5849349954277,1.56218513649293,0.988324533225969,77.804846217928
"mu126",148,-50.8537029059454,4,0.2,0.70757018583477,0.350194564127059,118.977358266036,-51.9860385419959,0,108.289565197528,-51.9860385419959,0,3.42807038971223,112.607053311064
"mu127",149,-24.0297223462018,0.359852081200801,0.564968721317778,0.40500899710084,4.40640259336868,65.3293971465488,-47.8498770880853,0.797171602492458,100.017242289707,-25.4616706825899,2.12525120932975,0.351226784572937,59.5583175922525
"mu128",150,-40.5912566199672,0.0957295866554772,0.521917596771053,2.31049009314444,6.53094921928338,98.4524656940796,-50.3614642394947,0.533295712641652,105.040416592526,-49.0063646095277,0.575364191562773,0.506142432841007,106.647705446128
"mu129",151,-26.0297786155931,-0.130487663092599,0.448500242865056,0.2,2.78029428420135,69.3295096853315,-36.5327156052853,1.53248937581565,77.3829193241069,-25.4616706825899,2.12525122006747,0.233957887009824,59.5583175922525
"mu130",152,-12.3828342383342,0.315634873190749,0.735508668653198,0.2,4.77788100154805,42.0356209308136,-19.4569141681507,2.85161029064309,43.2313164498377,-12.595811080063,3.17805400427641,0.944536540845875,33.8265983871986
"mu131",154,-27.1684592448985,-0.224446589556583,0.2,1.05189460352474,10,71.6068709439422,-50.8814220057112,0.411247367593775,106.080332124959,-45.3832031230779,0.879249520855543,0.406527434776072,99.4013824732284
"mu132",156,-39.0950796957144,1.0484336817565,2.669672440357,3.91684821775916,10,95.460111845574,-49.1700739345306,0.624441276596424,102.657635982598,-47.738562622111,0.693147208736019,0.0398177007609047,104.112101471295
"mu133",157,-13.9295941095511,4,1.93469473101262,0.724429354209026,5.79279806400956,45.1291406732475,-28.6721384803991,2.14299459997644,61.6617650743345,-27.5193743454533,1.9924302899368,1.50153919775272,63.6737249179792
"mu134",158,-12.0969429874721,0.34234791606195,1.0470777710581,0.943587188954294,10,41.4638384290895,-26.0237096185554,2.61447972568732,56.3649073506472,-27.5193743454533,1.9924302916183,2.76963826978812,63.6737249179792
"mu135",159,-22.3082176759049,0.647363486030265,0.529643495351909,0.2,3.80151042331583,61.886387805955,-42.5309064229714,1.18494740066974,89.3793009594791,-29.4505850420667,1.8718024226272,0.0364226125180721,67.536146311206
"mu136",160,-22.903880922349,2.65807944717646,1.59796541730126,0.660139677613481,6.00436060184204,63.0777142988433,-43.3154571112021,1.14353954707821,90.9484023359405,-29.4505850420665,1.871802285223,0.0309529848163947,67.5361463112056
"mu137",161,-2.97750079948162,-0.0127624958349746,0.689269441368632,0.2,10,23.2249540531085,-26.3204485921334,2.5657544978379,56.9583852978032,-27.5193743454533,1.99243029159405,2.27390350969043,63.6737249179792
"mu138",162,-1.47688434897481,-4,4,0.2,10,20.2237211520949,-1.72263774474936,7.89215368753293,7.76276360303503,-5.31079161811473,4.30406521909898,1.11815079675522,19.2565594633021
"mu139",163,-26.5010418478364,0.528584557208904,0.855766452413755,2.52826127796051,10,70.272036149818,-51.332031314548,0.301169021532392,106.981550742632,-45.3832031230779,0.879249529052005,0.171725446814671,99.4013824732284
"mu140",164,-23.1676866213547,0.670959446113873,0.471685140066617,0.2,3.27661064399892,63.6053256968546,-47.4479287172912,0.814257893749879,99.2133455481187,-31.2662431794223,1.7609879283811,0.124287174835335,71.1674625859172
"mu141",165,-20.0708468912975,-0.257894162623976,0.511746194162804,0.829832681035623,10,57.4116462367402,-42.2470073658219,1.22527593990741,88.8115028451802,-37.5301817653641,1.38629433640772,0.765545576505829,83.6953397578008
"mu142",166,-43.2920324482776,-0.0631471529410428,0.553701759807607,0.637922206232582,2.23135202750961,103.8540173507,-47.8918356714409,0.765309604002582,100.101159456418,-46.2305681826187,0.815749566966604,0.217853412658442,101.09611259231
"mu143",168,-18.0232092162601,0.217492712797477,0.375285702365927,0.206409319356003,4.61777413108167,53.3163708866654,-43.8593689871905,1.08833788906582,92.0362260879173,-36.1015001860377,1.47181663890989,0.1821356315515,80.8379765991481
"mu144",170,-30.8442774655932,-0.219540231368425,0.2,0.27136851464373,3.18077203484179,78.9585073853316,-49.9054604846505,0.541014230520737,104.128409082837,-31.2662431794222,1.76098787475475,0.0989475585706532,71.1674625859171
"mu145",171,-38.3153107675501,0.13508014171388,0.889404087465247,0.989920338358631,3.77133721718228,93.9005739892454,-44.9251592371653,1.15624522138961,94.1678065878669,-43.4936378563576,1.01160098947814,1.82042693109484,95.6222519397878
"mu146",172,-3.90121943457519,0.245582175991631,1.08758202031053,0.411721720880658,10,25.0723913232956,-9.18528628437564,4.03420257339523,22.6880606822876,-9.22177495027086,3.59731241814507,0.408742616625968,27.0785261276143
"mu147",173,-32.5225556452915,-0.364804759230716,0.918083939188261,2.02784608513705,10,82.3150637447283,-43.9689149308412,1.14182119873463,92.2553179752188,-44.4714988085606,0.944461622133248,2.03155390627217,97.5779738441938
"mu148",175,-39.1312119846617,-0.0632317683520246,0.965882683004304,2.87816956543958,10,95.5323764234686,-49.010815571967,0.628240426915797,102.33911925747,-47.015209317932,0.7537718627011,0.155171427379828,102.665394862937
"mu149",176,-29.9807840829814,0.506673685624043,1.32833261812702,1.98798070078639,10,77.231520620108,-49.4200291180694,0.603363145354031,103.157546349675,-45.3832031230779,0.879249529897712,0.250583767809439,99.4013824732284
"mu150",177,-26.1678932426549,0.14944200600537,0.606391672189871,0.615911967158789,4.51129672386569,69.605738939455,-39.004046024996,1.50114427854347,82.3255801635282,-37.5301817653641,1.38629444094895,0.698684259550646,83.6953397578009
"mu151",178,-19.1594058722575,0.289857137915179,0.45608561180948,0.2,4.03184210771804,55.5887641986603,-37.5875522582336,1.53198635844922,79.4925926300034,-36.1015001860377,1.47181662624964,0.870430855192244,80.8379765991481
"mu152",179,-29.7882313759148,-0.470712527431797,0.280094972991456,0.369099315505965,3.1297265870675,76.8464152059748,-47.5960178731704,0.829123264063886,99.5095238598772,-37.5301817653641,1.3862944261164,0.239774156962521,83.6953397578008
"mu153",180,-16.2498561722965,-0.110287804692371,0.366490629530385,0.260479481451294,5.73960528511932,49.7696647987382,-43.5341425020062,1.28200187089907,91.3857731175487,-38.8754797689493,1.30494872040205,0.759127881086897,86.3859357649713
"mu154",181,-23.7604283991445,-0.124292629507775,0.2,0.929208100607105,10,64.7908092524343,-51.4242681786718,0.279456506217547,107.16602447088,-46.2305681826186,0.815749482227838,0.0786883214837871,101.09611259231
"mu155",183,-27.248629982589,-0.261866085442259,0.809256668870561,1.48383772351348,10,71.7672124193232,-41.3779952389927,1.28357577172394,87.0734785915216,-34.5849349954277,1.56218513648516,0.449864296352025,77.804846217928
"mu156",184,-12.5873756223609,0.712063366389071,1.26192830595371,1.34310695691574,10,42.4447036988671,-34.6286928974986,1.7326896091072,73.5748739085335,-31.2662431794223,1.76098792850643,0.819461332575884,71.1674625859172
"mu157",185,-32.6781818772419,-0.295734770088125,0.606703882567823,0.830705977600335,5.289319934381,82.626316208629,-46.2861802155119,1.00770121674919,96.8898485445602,-43.4936378563576,1.01160099286287,0.505743527228478,95.6222519397878
"mu158",186,-36.6074369674045,-0.263578659634268,0.396435266200753,0.499099570844448,2.9382417947503,90.4848263889542,-48.7281124259388,0.66059102604762,101.773712965414,-40.1412870545755,1.22722983087795,0.403819870366715,88.9175503362235
"mu159",187,-14.0240593815031,-1.56928502307402,0.959810770171825,0.2,3.81108391688812,45.3180712171514,-24.7268772304248,2.28516509714364,53.7712425743859,-12.595811080063,3.17805403818989,0.447890389519744,33.8265983871987
"mu160",189,-34.8173174262087,-0.00278035191635294,0.2,0.576586164462838,3.17171239855326,86.9045873065626,-49.6415261474601,0.533612622854417,103.600540408456,-47.015209317932,0.753771862326737,0.0377521456941031,102.665394862937
"mu161",190,-23.2371416430694,-0.316903592235763,0.742858404746789,0.2,4.03307143134914,63.7442357402841,-37.6047913689647,1.64287918679389,79.5270708514657,-23.263713519861,2.27359776103954,0.683522921961267,55.1624032667946
"mu162",192,-36.0981647092349,-0.387601045685133,0.891558597612845,2.46388400283916,10,89.4662818726151,-46.5993366679203,0.855172180428614,97.5161614493769,-40.1412870545753,1.22722975941813,0.12782178663183,88.9175503362233
"mu163",194,-15.6918366451786,0.359658499961179,0.610521303871011,1.1020429030999,10,48.6536257445024,-45.6897447265191,0.910853931284276,95.6969775665746,-40.1412870545755,1.22722985980255,0.221767519458663,88.9175503362237
"mu164",195,-20.0100615243021,0.0571409453339885,0.556705472393783,0.895389292076397,10,57.2900755027494,-47.53476446393,0.827210519478725,99.3870170413964,-40.1412870545753,1.22722973796399,0.917322694397522,88.9175503362233
"mu165",196,-33.1782933873749,-0.603165096632708,0.486903461781952,0.382985572212103,2.74760925580522,83.6265392288951,-39.9108431322004,1.43413069190875,84.1391743779371,-40.1412870545753,1.22722975770782,1.76508971942356,88.9175503362233
"mu166",197,-37.7527490414239,-0.150115739515475,0.412696101216843,1.22962018527551,5.25761094126389,92.7754505369931,-49.5019781710982,0.564860131122135,103.321444455733,-42.4475732298926,1.08091279375086,0.351208481183276,93.5301226868578
"mu167",198,-40.3981878524911,-0.620486960419425,0.711948345192296,0.929589941130695,3.52809984931459,98.0663281591275,-49.5130465912917,0.554376153968849,103.34358129612,-46.2305681826186,0.815749567915587,0.376042827926576,101.09611259231
"mu168",199,-28.4993140132343,0.173994004402169,0.501800518809248,0.516340764325316,3.80085225773714,74.2685804806138,-42.4866313805751,1.17614662648901,89.2907508746865,-41.330994606523,1.15267958600043,0.476594188322779,91.2969654401186
"mu169",201,-20.8321799494779,-4,3.31370589990655,0.77800782995553,5.0528162041022,58.934312353101,-27.4172378815505,2.4971862162932,59.1519638766373,-18.3697520095977,2.63905747417086,1.59455757122953,45.374480246268
"mu170",202,-17.142511941478,0.283271510790065,0.497166273763227,0.600359077447526,8.00468585901233,51.5549763371013,-51.9011893044634,0.112607427569818,108.119866722463,-31.2662431794223,1.76098792827599,0.0383277021371759,71.1674625859172
"mu171",203,-24.1042287326741,-0.123325159185896,0.453411624879815,1.07129134444046,9.99999844722177,65.4784099194934,-46.6251898172017,0.865840247837974,97.5678677479396,-32.9752409551008,1.65822819001167,0.052977123404853,74.5854581372742
"mu172",204,-20.0975150097314,-0.0656018308631905,0.723162859282796,0.911388661673239,10,57.464982473608,-40.2939408348921,1.48356987760749,84.9053697833205,-37.5301817653642,1.38629448561723,1.21667413367657,83.695339757801
"mu173",205,-14.8621287093235,0.193956322225162,0.412930684275638,0.365209276194774,6.12344736230159,46.9942098727923,-36.7057682632675,1.49187319756325,77.7290246400713,-31.2662431794223,1.76098793036389,0.34395485738758,71.1674625859172
"mu174",207,-21.6213716352494,-0.109825533538444,0.421401772124219,0.459036768030819,5.07238442631791,60.512695724644,-42.1351153523616,1.23539824031121,88.5877188182596,-31.2662431794225,1.76098803880167,0.547572782724164,71.1674625859175
"mu175",209,-34.8752146313557,0.0726090837248655,0.67120644685672,0.372194576639657,2.84813585425405,87.0203817168567,-44.2260421924718,1.13129479861524,92.76957249848,-37.5301817653642,1.38629446186998,0.563934392335359,83.6953397578009
"mu176",210,-25.7244355270069,0.148273132190296,0.423764935745528,1.76446028928773,10,68.7188235081591,-48.9255934358479,0.659881630157961,102.168674985232,-42.4475732298926,1.08091279361387,0.790324213744607,93.5301226868578
"mu177",211,-4.56259375647613,0.355304623080085,0.60956313748298,0.2,10,26.3951399670975,-29.8642775491197,2.07322990897466,64.0460432117757,-9.22177495027088,3.59731246420217,0.600692993127741,27.0785261276144
"mu178",214,-26.2954796272061,-0.257060980268204,0.372780263847765,0.317108095352062,3.46327411058722,69.8609117085575,-41.3416378579868,1.2698322089403,87.00076382951,-31.2662431794223,1.7609879159272,0.485966452127323,71.1674625859171
"mu179",215,-32.1919832846973,0.130490219952368,0.841834452799109,0.657190341310826,4.11870558005367,81.6539190235399,-40.7408888079169,1.28560281650739,85.7992657293701,-32.9752409551007,1.6582281540428,0.16211450699484,74.5854581372741
"mu180",217,-34.6160575779602,1.84590641057655,1.72254634544624,0.93007189469752,4.09533837664663,86.5020676100656,-43.958469633924,1.08327603686679,92.2344273813843,-41.3309946065231,1.1526796278463,0.876425644019619,91.2969654401187
"mu181",218,-30.5731891855001,-0.977734315296686,0.2,0.893768361885093,3.15288435006024,78.4163308251455,-51.709603093499,0.191837145567636,107.736694300534,-51.1764546508089,0.29546423758762,1.53307244104566,110.98788552869
"mu182",219,-29.9732666172517,-0.846716715179942,1.09445317809745,2.9666721664879,10,77.2164856886487,-45.0507247988114,1.15395413519556,94.418937711159,-42.4475732298926,1.08091279378088,2.01218619436957,93.5301226868578
"mu183",220,-22.7305308896421,0.0659113656436325,0.633015217053398,0.524692514186369,6.0563441938092,62.7310142334295,-42.3446592043005,1.2520169566421,89.0068065221373,-40.1412870545753,1.22722975905531,0.666557923229411,88.9175503362233
"mu184",221,-23.2446410695511,-0.474199831658715,0.575366553548464,0.975484462499263,10,63.7592345932474,-45.5829571249362,1.06906813956267,95.4834023634088,-40.1412870545754,1.22722976278451,0.233424496848602,88.9175503362233
"mu185",222,-43.5678272562627,4,3.21700197192335,2.43844584925101,1.87265769455466,104.405606966671,-45.8359801196948,0.971174657149088,95.989448352926,-45.3832031230779,0.879249493422463,4.67263805633178,99.4013824732284
"mu186",223,-30.0547552699062,0.225961090776843,0.481218093751286,0.772150429618205,4.30183174091189,77.3794629939576,-49.9070985781953,0.525569361021044,104.131685269927,-48.4019039192441,0.633723811145123,0.889762113676406,105.438784065561
"mu187",224,-33.8727802129482,0.588135990182107,1.35159773238869,0.734886790941199,3.04373290382017,85.0155128800416,-38.5307225157151,1.54100645460455,81.3789331449665,-38.8754797689494,1.30494881722636,1.489009596908,86.3859357649714
"mu188",225,-40.3131970011841,-0.421168530419114,0.792741239846407,2.97982629817948,10,97.8963464565134,-50.3697845589601,0.498259366453635,105.057057231457,-47.015209317932,0.753771862841477,0.792900006296113,102.665394862937
"mu189",226,-16.9104731102061,-0.020482602145048,0.6531405307825,0.2,4.10862792454312,51.0908986745575,-30.7149267591127,2.01405986388225,65.7473416317617,-23.2637135198609,2.27359769177894,0.198666742122732,55.1624032667944
"mu190",227,-21.4177636886787,0.455083184104237,1.62297096416,2.24457480102007,10,60.1054798315026,-31.3657422262019,1.85414775644283,67.0489725659402,-31.2662431794222,1.76098781097766,1.44593301896704,71.167462585917
"mu191",229,-30.4770887348408,-0.366308594182627,0.472142509915206,0.763022623203577,5.59503990171844,78.2241299238269,-45.6752946829126,1.02568505460264,95.6680774793616,-40.1412870545754,1.22722978845979,0.0670911095291376,88.9175503362234
"mu192",230,-41.5403107875696,-0.234758457347199,0.811013823517583,0.993977861131728,3.40806165399139,100.350574029284,-46.5824663226965,0.972144118581539,97.4824207589293,-45.3832031230779,0.879249479927259,1.02842738196487,99.4013824732284
"mu193",232,-31.1814445578167,0.0386120963195579,0.662773122418531,0.554583408546238,3.4136071820536,79.6328415697787,-41.9496708887192,1.25170868427704,88.2168298909747,-38.8754797689494,1.30494880385523,0.817944136792794,86.3859357649714
"mu194",233,-33.5374544137128,-0.172908114595919,1.13512501073519,0.373307893840176,2.60171990158874,84.3448612815709,-36.6939819819381,1.76288191679095,77.7054520774126,-32.9752409551008,1.65822819003891,2.00531514906092,74.5854581372742
"mu195",234,-20.4286696505074,-0.0875235206818691,0.525126672405621,0.94746559796294,10,58.12729175516,-43.8099141533065,1.09986488739151,91.9373164201494,-34.5849349954277,1.56218514078426,0.308319195227232,77.804846217928
"mu196",236,-45.9839321389285,-0.13316514069238,0.2,4,7.92289767958265,109.237816732002,-51.9860385419959,0,108.289565197528,-50.8536612837803,0.350202500313535,0.971358878063038,110.342298794633
"mu197",237,-37.8437597793845,4,3.12184938970433,1.86685732040998,9.43381875831736,92.9574720129142,-51.5198578503022,0.265239663784434,107.357203814141,-45.383203123078,0.879249567608555,0.419980919952504,99.4013824732286
"mu198",239,-17.4527320377342,-0.228693464019773,1.09605394812488,0.928541124907125,6.69287604720844,52.1754165296137,-23.2514822401522,2.58576584043062,50.8204525938407,-23.2637135198609,2.27359769210954,1.35731886812951,55.1624032667944
"mu199",240,-14.7036256861761,-0.73133021866923,0.732912751511759,0.2,4.17590312818605,46.6772038264975,-27.5884228004306,2.47377589711773,59.4943337143975,-18.3697520095978,2.63905754966917,1.48193616518518,45.3744802462682
"mu200",242,-15.3285860413727,4,3.18211974776611,3.57746209201292,10,47.9271245368906,-45.5208065025187,1.01782952380949,95.3591011185738,-45.3832031230779,0.879249506819389,1.39788518509129,99.4013824732284
"mu201",243,-23.9592296104036,-0.375088168633697,0.703918787894998,1.24228775871854,10,65.1884116749525,-38.0566983738972,1.55948616811836,80.4308848613308,-38.8754797689494,1.30494881612565,1.67958669287851,86.3859357649714
"mu202",244,-21.6808149229149,0.047735735310492,0.496926584754592,0.48783589883566,5.34542705810397,60.631582299975,-42.0560267245393,1.21657493452612,88.429541562615,-27.5193743454533,1.99243030233471,0.285799947276246,63.6737249179792
"mu203",245,-44.5331419141161,-0.0732782208635995,0.2,0.671730037010127,2.07146204087586,106.336236282377,-51.9860385419959,0,108.289565197528,-46.2305681826186,0.815749559774195,0.159183615439106,101.09611259231
"mu204",246,-27.5106269867753,-0.0637956642572417,0.707504104285973,1.20036216749766,9.18143011908062,72.2912064276958,-44.9806772723934,1.11098228100227,94.2788426583231,-37.5301817653641,1.38629446113844,0.853453099622857,83.6953397578009
"mu205",247,-45.5951175425169,0.226987365359618,0.577023334814972,0.2,1.13685969257101,108.460187539179,-49.2713573742812,0.612356329168572,102.860202862099,-47.015209317932,0.753771862345291,0.593622977170162,102.665394862937
"mu206",249,-35.2569941787936,-0.661757364895503,0.778928594682413,0.776115790670285,4.06449616249147,87.7839408117325,-46.7364469943612,0.856740852478441,97.7903821022587,-41.330994606523,1.15267959734239,0.456375567473006,91.2969654401186
"mu207",251,-20.7501620630037,0.381546936692713,1.12686374819355,1.01973079226869,10,58.7702765801527,-37.1920434738831,1.58330495137955,78.7015750613026,-31.2662431794224,1.76098802352889,0.097907552162651,71.1674625859175
"mu208",253,-21.2960485403587,0.0749656449672683,0.327127977104077,0.268127917158632,3.60641161325015,59.8620495348627,-43.4449956376017,1.16317563137149,91.2074793887397,-25.4616706825899,2.12525119230715,0.474437917966861,59.5583175922525
"mu209",254,-17.5616209217511,0.0930010606503016,0.996805618364067,0.925506583140126,10,52.3931942976474,-32.454520363775,1.94030962555915,69.2265288410862,-29.4505850420665,1.87180229910987,1.1517194039328,67.5361463112056
"mu210",255,-7.51471604282831,0.176274443479209,0.653787354240948,0.2,10,32.2993845398018,-40.8848111239476,1.37412593037249,86.0871103614314,-5.31079161811474,4.30406526321756,0.495821867792402,19.2565594633021
"mu211",256,-31.303646147178,-4,0.2,0.482663949289803,1.76204584975295,79.8772447485013,-51.9860385419959,0,108.289565197528,-51.9860385419959,0,4.26861889684806,112.607053311064
"mu212",257,-34.610902633691,-4,0.2,0.458297697876884,1.56259883000621,86.4917577215273,-51.9860385419959,0,108.289565197528,-51.444735018928,0.241162076819971,0.0246876220707782,111.524446264929
"mu213",258,-44.4715002094448,3.64548620079436,0.224687906156766,0.445150224087004,0.944434858456639,106.212952873035,-51.3066207272394,0.296316609340591,106.930729568015,-48.4019039192441,0.633723810985034,0.01,105.438784065561
"mu214",259,-43.3756039216141,-0.728971852230234,0.459957468938815,0.310062996752722,1.7030759750934,104.021160297373,-51.8125725988592,0.150068787883624,107.942633311255,-44.4714988085606,0.944461697491859,0.042471728278324,97.5779738441939
"mu215",260,-31.8873134437806,-0.0100420219753044,0.680922352164231,0.2,2.61228079662928,81.0445793417065,-41.1196600327062,1.3720080568161,86.5568081789487,-34.5849349954277,1.56218513652416,0.645837835511193,77.804846217928
"mu216",261,-30.3493707262931,-0.122427092953965,0.801047208198305,1.1145231728371,7.63375062887875,77.9686939067315,-43.2112202742159,1.32147387415308,90.7399286619681,-42.4475732298926,1.08091279421071,1.92059323250782,93.5301226868578
